--------------------------------------------------------
--  DDL for Table UHA_ADMIN
--------------------------------------------------------

  CREATE TABLE "SYSTEM"."UHA_ADMIN" 
   (	"STAFF_NO" VARCHAR2(50 BYTE), 
	"FIRST_NAME" VARCHAR2(50 BYTE), 
	"GENDER" VARCHAR2(1 BYTE), 
	"DOB" DATE, 
	"LOCATION" VARCHAR2(50 BYTE), 
	"POSITION" VARCHAR2(50 BYTE), 
	"LAST_NAME" VARCHAR2(50 BYTE), 
	"STREET" VARCHAR2(50 BYTE), 
	"CITY" VARCHAR2(20 BYTE), 
	"POSTCODE" NUMBER(6,0), 
	"COUNTRY" VARCHAR2(50 BYTE)
   ) PCTFREE 10 PCTUSED 40 INITRANS 1 MAXTRANS 255 
 NOCOMPRESS LOGGING
  STORAGE(INITIAL 65536 NEXT 1048576 MINEXTENTS 1 MAXEXTENTS 2147483645
  PCTINCREASE 0 FREELISTS 1 FREELIST GROUPS 1
  BUFFER_POOL DEFAULT FLASH_CACHE DEFAULT CELL_FLASH_CACHE DEFAULT)
  TABLESPACE "SYSTEM" ;
--------------------------------------------------------
--  DDL for Table UHA_ADMIN_ACTION_ON_LEASE
--------------------------------------------------------

  CREATE TABLE "SYSTEM"."UHA_ADMIN_ACTION_ON_LEASE" 
   (	"LEASE_NO" VARCHAR2(50 BYTE), 
	"STAFF_NO" VARCHAR2(50 BYTE), 
	"ACTION_TAKEN" VARCHAR2(20 BYTE), 
	"ACTION_DATE" DATE, 
	"COMMENTS" VARCHAR2(50 BYTE)
   ) PCTFREE 10 PCTUSED 40 INITRANS 1 MAXTRANS 255 
 NOCOMPRESS LOGGING
  STORAGE(INITIAL 65536 NEXT 1048576 MINEXTENTS 1 MAXEXTENTS 2147483645
  PCTINCREASE 0 FREELISTS 1 FREELIST GROUPS 1
  BUFFER_POOL DEFAULT FLASH_CACHE DEFAULT CELL_FLASH_CACHE DEFAULT)
  TABLESPACE "SYSTEM" ;
--------------------------------------------------------
--  DDL for Table UHA_ADMIN_ACTION_ON_PARKING
--------------------------------------------------------

  CREATE TABLE "SYSTEM"."UHA_ADMIN_ACTION_ON_PARKING" 
   (	"PARKING_REQUEST_NO" VARCHAR2(50 BYTE), 
	"STAFF_NO" VARCHAR2(50 BYTE), 
	"ACTION_TAKEN" VARCHAR2(20 BYTE), 
	"ACTION_DATE" DATE, 
	"COMMENTS" VARCHAR2(50 BYTE)
   ) PCTFREE 10 PCTUSED 40 INITRANS 1 MAXTRANS 255 
 NOCOMPRESS LOGGING
  STORAGE(INITIAL 65536 NEXT 1048576 MINEXTENTS 1 MAXEXTENTS 2147483645
  PCTINCREASE 0 FREELISTS 1 FREELIST GROUPS 1
  BUFFER_POOL DEFAULT FLASH_CACHE DEFAULT CELL_FLASH_CACHE DEFAULT)
  TABLESPACE "SYSTEM" ;
--------------------------------------------------------
--  DDL for Table UHA_ADMIN_ACTION_ON_TICKET
--------------------------------------------------------

  CREATE TABLE "SYSTEM"."UHA_ADMIN_ACTION_ON_TICKET" 
   (	"TICKET_NO" VARCHAR2(50 BYTE), 
	"STAFF_NO" VARCHAR2(50 BYTE), 
	"ACTION_TAKEN" VARCHAR2(20 BYTE), 
	"ACTION_DATETIME" TIMESTAMP (0), 
	"COMMENTS" VARCHAR2(50 BYTE)
   ) PCTFREE 10 PCTUSED 40 INITRANS 1 MAXTRANS 255 
 NOCOMPRESS LOGGING
  STORAGE(INITIAL 65536 NEXT 1048576 MINEXTENTS 1 MAXEXTENTS 2147483645
  PCTINCREASE 0 FREELISTS 1 FREELIST GROUPS 1
  BUFFER_POOL DEFAULT FLASH_CACHE DEFAULT CELL_FLASH_CACHE DEFAULT)
  TABLESPACE "SYSTEM" ;
--------------------------------------------------------
--  DDL for Table UHA_APARTMENT
--------------------------------------------------------

  CREATE TABLE "SYSTEM"."UHA_APARTMENT" 
   (	"APARTMENT_NO" VARCHAR2(50 BYTE), 
	"ADDRESS_ID" NUMBER, 
	"NO_OF_BEDS" NUMBER, 
	"NO_OF_BATHS" NUMBER, 
	"FRESHMEN_ALLOWED" VARCHAR2(1 BYTE) DEFAULT 'Y', 
	"ON_CAMPUS" VARCHAR2(1 BYTE), 
	"APARTMENT_TYPE" VARCHAR2(2 BYTE), 
	"SECURITY_DEPOSIT" NUMBER, 
	"STAFF_NO" VARCHAR2(50 BYTE)
   ) PCTFREE 10 PCTUSED 40 INITRANS 1 MAXTRANS 255 
 NOCOMPRESS LOGGING
  STORAGE(INITIAL 65536 NEXT 1048576 MINEXTENTS 1 MAXEXTENTS 2147483645
  PCTINCREASE 0 FREELISTS 1 FREELIST GROUPS 1
  BUFFER_POOL DEFAULT FLASH_CACHE DEFAULT CELL_FLASH_CACHE DEFAULT)
  TABLESPACE "SYSTEM" ;
--------------------------------------------------------
--  DDL for Table UHA_APPLICANT
--------------------------------------------------------

  CREATE TABLE "SYSTEM"."UHA_APPLICANT" 
   (	"APPLICANT_ID" VARCHAR2(50 BYTE), 
	"FIRST_NAME" VARCHAR2(50 BYTE), 
	"DOB" DATE, 
	"GENDER" VARCHAR2(1 BYTE), 
	"NATION_OF_ORIGIN" VARCHAR2(50 BYTE), 
	"SMOKER" VARCHAR2(1 BYTE), 
	"SPECIAL_NEEDS" VARCHAR2(50 BYTE) DEFAULT 'None', 
	"COMMENTS" VARCHAR2(50 BYTE) DEFAULT 'None', 
	"PHONE_NO" NUMBER(10,0), 
	"ALT_PHONE_NO" NUMBER(10,0), 
	"GUEST" VARCHAR2(1 BYTE), 
	"LAST_NAME" VARCHAR2(50 BYTE), 
	"STREET" VARCHAR2(50 BYTE), 
	"CITY" VARCHAR2(20 BYTE), 
	"POSTCODE" NUMBER(6,0), 
	"COUNTRY" VARCHAR2(50 BYTE)
   ) PCTFREE 10 PCTUSED 40 INITRANS 1 MAXTRANS 255 
 NOCOMPRESS LOGGING
  STORAGE(INITIAL 65536 NEXT 1048576 MINEXTENTS 1 MAXEXTENTS 2147483645
  PCTINCREASE 0 FREELISTS 1 FREELIST GROUPS 1
  BUFFER_POOL DEFAULT FLASH_CACHE DEFAULT CELL_FLASH_CACHE DEFAULT)
  TABLESPACE "SYSTEM" ;
--------------------------------------------------------
--  DDL for Table UHA_APPLICANT_FAMILY
--------------------------------------------------------

  CREATE TABLE "SYSTEM"."UHA_APPLICANT_FAMILY" 
   (	"APPLICANT_ID" VARCHAR2(50 BYTE), 
	"RELATION" VARCHAR2(50 BYTE), 
	"DOB" DATE, 
	"FIRST_NAME" VARCHAR2(50 BYTE), 
	"LAST_NAME" VARCHAR2(50 BYTE), 
	"FAMILY_MEMBER_ID" NUMBER
   ) PCTFREE 10 PCTUSED 40 INITRANS 1 MAXTRANS 255 
 NOCOMPRESS LOGGING
  STORAGE(INITIAL 65536 NEXT 1048576 MINEXTENTS 1 MAXEXTENTS 2147483645
  PCTINCREASE 0 FREELISTS 1 FREELIST GROUPS 1
  BUFFER_POOL DEFAULT FLASH_CACHE DEFAULT CELL_FLASH_CACHE DEFAULT)
  TABLESPACE "SYSTEM" ;
--------------------------------------------------------
--  DDL for Table UHA_APPLICANT_NEXT_OF_KIN
--------------------------------------------------------

  CREATE TABLE "SYSTEM"."UHA_APPLICANT_NEXT_OF_KIN" 
   (	"APPLICANT_ID" VARCHAR2(50 BYTE), 
	"RELATION" VARCHAR2(50 BYTE), 
	"PHONE_NO" NUMBER(12,0), 
	"STREET" VARCHAR2(50 BYTE), 
	"CITY" VARCHAR2(20 BYTE), 
	"POSTCODE" NUMBER(6,0), 
	"FIRST_NAME" VARCHAR2(50 BYTE), 
	"LAST_NAME" VARCHAR2(50 BYTE), 
	"NEXT_OF_KIN_ID" NUMBER, 
	"COUNTRY" VARCHAR2(50 BYTE)
   ) PCTFREE 10 PCTUSED 40 INITRANS 1 MAXTRANS 255 
 NOCOMPRESS LOGGING
  STORAGE(INITIAL 65536 NEXT 1048576 MINEXTENTS 1 MAXEXTENTS 2147483645
  PCTINCREASE 0 FREELISTS 1 FREELIST GROUPS 1
  BUFFER_POOL DEFAULT FLASH_CACHE DEFAULT CELL_FLASH_CACHE DEFAULT)
  TABLESPACE "SYSTEM" ;
--------------------------------------------------------
--  DDL for Table UHA_FAMILY_APARTMENT
--------------------------------------------------------

  CREATE TABLE "SYSTEM"."UHA_FAMILY_APARTMENT" 
   (	"APARTMENT_NO" VARCHAR2(50 BYTE), 
	"MONTHLY_RENT_RATE" NUMBER, 
	"NO_OF_BEDS" NUMBER
   ) PCTFREE 10 PCTUSED 40 INITRANS 1 MAXTRANS 255 
 NOCOMPRESS LOGGING
  STORAGE(INITIAL 65536 NEXT 1048576 MINEXTENTS 1 MAXEXTENTS 2147483645
  PCTINCREASE 0 FREELISTS 1 FREELIST GROUPS 1
  BUFFER_POOL DEFAULT FLASH_CACHE DEFAULT CELL_FLASH_CACHE DEFAULT)
  TABLESPACE "SYSTEM" ;
--------------------------------------------------------
--  DDL for Table UHA_GENERAL_BEDROOM_APARTMENT
--------------------------------------------------------

  CREATE TABLE "SYSTEM"."UHA_GENERAL_BEDROOM_APARTMENT" 
   (	"PLACE_NO" VARCHAR2(50 BYTE), 
	"ROOM_NO" VARCHAR2(20 BYTE), 
	"APARTMENT_NO" VARCHAR2(50 BYTE), 
	"MONTHLY_RENT_RATE" NUMBER
   ) PCTFREE 10 PCTUSED 40 INITRANS 1 MAXTRANS 255 
 NOCOMPRESS LOGGING
  STORAGE(INITIAL 65536 NEXT 1048576 MINEXTENTS 1 MAXEXTENTS 2147483645
  PCTINCREASE 0 FREELISTS 1 FREELIST GROUPS 1
  BUFFER_POOL DEFAULT FLASH_CACHE DEFAULT CELL_FLASH_CACHE DEFAULT)
  TABLESPACE "SYSTEM" ;
--------------------------------------------------------
--  DDL for Table UHA_GUEST
--------------------------------------------------------

  CREATE TABLE "SYSTEM"."UHA_GUEST" 
   (	"APPROVAL_ID" VARCHAR2(50 BYTE), 
	"STATUS" VARCHAR2(20 BYTE), 
	"COACHING_COURSE" VARCHAR2(50 BYTE)
   ) PCTFREE 10 PCTUSED 40 INITRANS 1 MAXTRANS 255 
 NOCOMPRESS LOGGING
  STORAGE(INITIAL 65536 NEXT 1048576 MINEXTENTS 1 MAXEXTENTS 2147483645
  PCTINCREASE 0 FREELISTS 1 FREELIST GROUPS 1
  BUFFER_POOL DEFAULT FLASH_CACHE DEFAULT CELL_FLASH_CACHE DEFAULT)
  TABLESPACE "SYSTEM" ;
--------------------------------------------------------
--  DDL for Table UHA_HOUSING_ADDRESS
--------------------------------------------------------

  CREATE TABLE "SYSTEM"."UHA_HOUSING_ADDRESS" 
   (	"ADDRESS_ID" NUMBER, 
	"STREET" VARCHAR2(50 BYTE), 
	"CITY" VARCHAR2(50 BYTE), 
	"POSTCODE" NUMBER(5,0), 
	"HOUSING_NAME" VARCHAR2(50 BYTE), 
	"STATE" VARCHAR2(50 BYTE)
   ) PCTFREE 10 PCTUSED 40 INITRANS 1 MAXTRANS 255 
 NOCOMPRESS LOGGING
  STORAGE(INITIAL 65536 NEXT 1048576 MINEXTENTS 1 MAXEXTENTS 2147483645
  PCTINCREASE 0 FREELISTS 1 FREELIST GROUPS 1
  BUFFER_POOL DEFAULT FLASH_CACHE DEFAULT CELL_FLASH_CACHE DEFAULT)
  TABLESPACE "SYSTEM" ;
--------------------------------------------------------
--  DDL for Table UHA_HOUSING_NEAR_PARKING
--------------------------------------------------------

  CREATE TABLE "SYSTEM"."UHA_HOUSING_NEAR_PARKING" 
   (	"LOT_NO" VARCHAR2(50 BYTE), 
	"ADDRESS_ID" VARCHAR2(50 BYTE)
   ) PCTFREE 10 PCTUSED 40 INITRANS 1 MAXTRANS 255 
 NOCOMPRESS LOGGING
  STORAGE(INITIAL 65536 NEXT 1048576 MINEXTENTS 1 MAXEXTENTS 2147483645
  PCTINCREASE 0 FREELISTS 1 FREELIST GROUPS 1
  BUFFER_POOL DEFAULT FLASH_CACHE DEFAULT CELL_FLASH_CACHE DEFAULT)
  TABLESPACE "SYSTEM" ;
--------------------------------------------------------
--  DDL for Table UHA_HOUSING_RESIDENCE_HALL
--------------------------------------------------------

  CREATE TABLE "SYSTEM"."UHA_HOUSING_RESIDENCE_HALL" 
   (	"NAME" VARCHAR2(50 BYTE), 
	"ADDRESS_ID" NUMBER, 
	"PHONE_NO" NUMBER, 
	"STAFF_NO" VARCHAR2(50 BYTE), 
	"NO_OF_ROOMS" NUMBER, 
	"GRAD_UPPER_ONLY" VARCHAR2(1 BYTE), 
	"SECURITY_DEPOSIT" NUMBER
   ) PCTFREE 10 PCTUSED 40 INITRANS 1 MAXTRANS 255 
 NOCOMPRESS LOGGING
  STORAGE(INITIAL 65536 NEXT 1048576 MINEXTENTS 1 MAXEXTENTS 2147483645
  PCTINCREASE 0 FREELISTS 1 FREELIST GROUPS 1
  BUFFER_POOL DEFAULT FLASH_CACHE DEFAULT CELL_FLASH_CACHE DEFAULT)
  TABLESPACE "SYSTEM" ;
--------------------------------------------------------
--  DDL for Table UHA_INVOICE
--------------------------------------------------------

  CREATE TABLE "SYSTEM"."UHA_INVOICE" 
   (	"INVOICE_NO" VARCHAR2(50 BYTE), 
	"LEASE_NO" VARCHAR2(50 BYTE), 
	"APPLICANT_NO" VARCHAR2(50 BYTE), 
	"TYPE" VARCHAR2(20 BYTE), 
	"HOUSING_RENT" NUMBER(7,2), 
	"PARKING_RENT" NUMBER(7,2), 
	"PENALTY" NUMBER(7,2), 
	"DUE_DATE" DATE, 
	"DATE_PAID" DATE, 
	"METHOD_PAID" VARCHAR2(20 BYTE), 
	"STATUS" VARCHAR2(10 BYTE), 
	"TOTAL_FEES" NUMBER(7,2), 
	"DATE_BILLED" DATE, 
	"LATE" VARCHAR2(1 BYTE) DEFAULT 'N'
   ) PCTFREE 10 PCTUSED 40 INITRANS 1 MAXTRANS 255 
 NOCOMPRESS LOGGING
  STORAGE(INITIAL 65536 NEXT 1048576 MINEXTENTS 1 MAXEXTENTS 2147483645
  PCTINCREASE 0 FREELISTS 1 FREELIST GROUPS 1
  BUFFER_POOL DEFAULT FLASH_CACHE DEFAULT CELL_FLASH_CACHE DEFAULT)
  TABLESPACE "SYSTEM" ;
--------------------------------------------------------
--  DDL for Table UHA_LEASE
--------------------------------------------------------

  CREATE TABLE "SYSTEM"."UHA_LEASE" 
   (	"LEASE_NO" VARCHAR2(50 BYTE), 
	"DURATION" NUMBER, 
	"APPLICANT_NO" VARCHAR2(50 BYTE), 
	"PLACE_NO" VARCHAR2(50 BYTE), 
	"ROOM_NO" VARCHAR2(20 BYTE), 
	"APARTMENT_NO" VARCHAR2(50 BYTE), 
	"ADDRESS_ID" NUMBER, 
	"SECURITY_DEPOSIT" NUMBER DEFAULT NULL, 
	"ENTER_DATE" DATE, 
	"LEAVE_DATE" DATE, 
	"PAYMENT_SCHEDULE_OPTION" VARCHAR2(10 BYTE) DEFAULT 'SEMESTERLY', 
	"REQUEST_STATUS" VARCHAR2(20 BYTE) DEFAULT 'PENDING', 
	"APARTMENT_TYPE" VARCHAR2(2 BYTE), 
	"TOTAL_RENT" NUMBER, 
	"REQUESTED_ON" DATE
   ) PCTFREE 10 PCTUSED 40 INITRANS 1 MAXTRANS 255 
 NOCOMPRESS LOGGING
  STORAGE(INITIAL 65536 NEXT 1048576 MINEXTENTS 1 MAXEXTENTS 2147483645
  PCTINCREASE 0 FREELISTS 1 FREELIST GROUPS 1
  BUFFER_POOL DEFAULT FLASH_CACHE DEFAULT CELL_FLASH_CACHE DEFAULT)
  TABLESPACE "SYSTEM" ;
--------------------------------------------------------
--  DDL for Table UHA_LEASE_REQUEST
--------------------------------------------------------

  CREATE TABLE "SYSTEM"."UHA_LEASE_REQUEST" 
   (	"LEASE_NO" VARCHAR2(50 BYTE), 
	"PREFERENCE" NUMBER, 
	"APARTMENT_TYPE" VARCHAR2(2 BYTE), 
	"RESHALL_NAME" VARCHAR2(50 BYTE), 
	"APARTMENT_NO" VARCHAR2(50 BYTE), 
	"APPLICANT_NO" VARCHAR2(50 BYTE)
   ) PCTFREE 10 PCTUSED 40 INITRANS 1 MAXTRANS 255 
 NOCOMPRESS LOGGING
  STORAGE(INITIAL 65536 NEXT 1048576 MINEXTENTS 1 MAXEXTENTS 2147483645
  PCTINCREASE 0 FREELISTS 1 FREELIST GROUPS 1
  BUFFER_POOL DEFAULT FLASH_CACHE DEFAULT CELL_FLASH_CACHE DEFAULT)
  TABLESPACE "SYSTEM" ;
--------------------------------------------------------
--  DDL for Table UHA_LEASE_TERMINATION
--------------------------------------------------------

  CREATE TABLE "SYSTEM"."UHA_LEASE_TERMINATION" 
   (	"TERMINATION_REQUEST_NO" VARCHAR2(50 BYTE), 
	"LEASE_NO" VARCHAR2(50 BYTE), 
	"REQUEST_STATUS" VARCHAR2(20 BYTE) DEFAULT 'PENDING', 
	"TERMINATION_DATE" DATE, 
	"INSPECTION_DATE" DATE, 
	"INSPECTION_COMMENTS" VARCHAR2(50 BYTE), 
	"FEES_LEVIED_ON_INSPECTION" NUMBER DEFAULT 0, 
	"TERMINATION_REASON" VARCHAR2(200 BYTE), 
	"EARLY_TERMINATION_FEES" NUMBER(6,2), 
	"DAYS_REMAINING_FEES" NUMBER
   ) PCTFREE 10 PCTUSED 40 INITRANS 1 MAXTRANS 255 
 NOCOMPRESS LOGGING
  STORAGE(INITIAL 65536 NEXT 1048576 MINEXTENTS 1 MAXEXTENTS 2147483645
  PCTINCREASE 0 FREELISTS 1 FREELIST GROUPS 1
  BUFFER_POOL DEFAULT FLASH_CACHE DEFAULT CELL_FLASH_CACHE DEFAULT)
  TABLESPACE "SYSTEM" ;
--------------------------------------------------------
--  DDL for Table UHA_PARKING_LOT
--------------------------------------------------------

  CREATE TABLE "SYSTEM"."UHA_PARKING_LOT" 
   (	"LOT_NO" VARCHAR2(50 BYTE), 
	"NO_OF_SPOTS" NUMBER
   ) PCTFREE 10 PCTUSED 40 INITRANS 1 MAXTRANS 255 
 NOCOMPRESS LOGGING
  STORAGE(INITIAL 65536 NEXT 1048576 MINEXTENTS 1 MAXEXTENTS 2147483645
  PCTINCREASE 0 FREELISTS 1 FREELIST GROUPS 1
  BUFFER_POOL DEFAULT FLASH_CACHE DEFAULT CELL_FLASH_CACHE DEFAULT)
  TABLESPACE "SYSTEM" ;
--------------------------------------------------------
--  DDL for Table UHA_PARKING_REQUEST
--------------------------------------------------------

  CREATE TABLE "SYSTEM"."UHA_PARKING_REQUEST" 
   (	"PARKING_REQUEST_NO" VARCHAR2(50 BYTE), 
	"LEASE_NO" VARCHAR2(50 BYTE), 
	"APPLICANT_NO" VARCHAR2(50 BYTE), 
	"PERMIT_ID" VARCHAR2(50 BYTE), 
	"REQUEST_STATUS" VARCHAR2(20 BYTE) DEFAULT 'PENDING', 
	"VEHICLE_TYPE" VARCHAR2(20 BYTE), 
	"OTHER_CLASSIFICATION_ACCEPTED" VARCHAR2(1 BYTE) DEFAULT 'Y', 
	"NOT_NEAR_HOUSING_AREA_ACCEPTED" VARCHAR2(1 BYTE) DEFAULT 'Y', 
	"HANDICAPPED" VARCHAR2(1 BYTE) DEFAULT 'N', 
	"SPOT_ID" VARCHAR2(50 BYTE), 
	"START_DATE" DATE, 
	"END_DATE" DATE
   ) PCTFREE 10 PCTUSED 40 INITRANS 1 MAXTRANS 255 
 NOCOMPRESS LOGGING
  STORAGE(INITIAL 65536 NEXT 1048576 MINEXTENTS 1 MAXEXTENTS 2147483645
  PCTINCREASE 0 FREELISTS 1 FREELIST GROUPS 1
  BUFFER_POOL DEFAULT FLASH_CACHE DEFAULT CELL_FLASH_CACHE DEFAULT)
  TABLESPACE "SYSTEM" ;
--------------------------------------------------------
--  DDL for Table UHA_PARKING_SPOT
--------------------------------------------------------

  CREATE TABLE "SYSTEM"."UHA_PARKING_SPOT" 
   (	"SPOT_NO" VARCHAR2(50 BYTE), 
	"LOT_NO" VARCHAR2(50 BYTE), 
	"CLASSIFICATION" VARCHAR2(20 BYTE) DEFAULT NULL, 
	"MONTHLY_RENT" NUMBER, 
	"HANDICAPPED" VARCHAR2(1 BYTE)
   ) PCTFREE 10 PCTUSED 40 INITRANS 1 MAXTRANS 255 
 NOCOMPRESS LOGGING
  STORAGE(INITIAL 65536 NEXT 1048576 MINEXTENTS 1 MAXEXTENTS 2147483645
  PCTINCREASE 0 FREELISTS 1 FREELIST GROUPS 1
  BUFFER_POOL DEFAULT FLASH_CACHE DEFAULT CELL_FLASH_CACHE DEFAULT)
  TABLESPACE "SYSTEM" ;
--------------------------------------------------------
--  DDL for Table UHA_RESIDENCE_HALL_ROOM
--------------------------------------------------------

  CREATE TABLE "SYSTEM"."UHA_RESIDENCE_HALL_ROOM" 
   (	"PLACE_NO" VARCHAR2(50 BYTE), 
	"RESIDENCE_HALL_NAME" VARCHAR2(50 BYTE), 
	"ROOM_NO" VARCHAR2(20 BYTE), 
	"MONTHLY_RENT_RATE" NUMBER
   ) PCTFREE 10 PCTUSED 40 INITRANS 1 MAXTRANS 255 
 NOCOMPRESS LOGGING
  STORAGE(INITIAL 65536 NEXT 1048576 MINEXTENTS 1 MAXEXTENTS 2147483645
  PCTINCREASE 0 FREELISTS 1 FREELIST GROUPS 1
  BUFFER_POOL DEFAULT FLASH_CACHE DEFAULT CELL_FLASH_CACHE DEFAULT)
  TABLESPACE "SYSTEM" ;
--------------------------------------------------------
--  DDL for Table UHA_STUDENT
--------------------------------------------------------

  CREATE TABLE "SYSTEM"."UHA_STUDENT" 
   (	"STUDENT_ID" VARCHAR2(50 BYTE), 
	"STATUS" VARCHAR2(20 BYTE), 
	"COURSE" VARCHAR2(50 BYTE), 
	"CATEGORY_YEAR" NUMBER, 
	"CATEGORY_DEGREE" VARCHAR2(2 BYTE)
   ) PCTFREE 10 PCTUSED 40 INITRANS 1 MAXTRANS 255 
 NOCOMPRESS LOGGING
  STORAGE(INITIAL 65536 NEXT 1048576 MINEXTENTS 1 MAXEXTENTS 2147483645
  PCTINCREASE 0 FREELISTS 1 FREELIST GROUPS 1
  BUFFER_POOL DEFAULT FLASH_CACHE DEFAULT CELL_FLASH_CACHE DEFAULT)
  TABLESPACE "SYSTEM" ;
--------------------------------------------------------
--  DDL for Table UHA_TICKET
--------------------------------------------------------

  CREATE TABLE "SYSTEM"."UHA_TICKET" 
   (	"TICKET_NO" VARCHAR2(50 BYTE), 
	"TICKET_TYPE" VARCHAR2(50 BYTE), 
	"SEVERITY" VARCHAR2(20 BYTE), 
	"RAISED_BY" VARCHAR2(50 BYTE), 
	"RAISED_DATE" DATE, 
	"LOCATION" VARCHAR2(50 BYTE), 
	"STATUS" VARCHAR2(20 BYTE) DEFAULT 'PENDING', 
	"PROCESSED_DATETIME" TIMESTAMP (6), 
	"SEVERITY_ID" NUMBER, 
	"TICKET_DESCRIPTION" VARCHAR2(200 BYTE)
   ) PCTFREE 10 PCTUSED 40 INITRANS 1 MAXTRANS 255 
 NOCOMPRESS LOGGING
  STORAGE(INITIAL 65536 NEXT 1048576 MINEXTENTS 1 MAXEXTENTS 2147483645
  PCTINCREASE 0 FREELISTS 1 FREELIST GROUPS 1
  BUFFER_POOL DEFAULT FLASH_CACHE DEFAULT CELL_FLASH_CACHE DEFAULT)
  TABLESPACE "SYSTEM" ;
--------------------------------------------------------
--  DDL for Table UHA_USERS
--------------------------------------------------------

  CREATE TABLE "SYSTEM"."UHA_USERS" 
   (	"USER_ID" VARCHAR2(50 BYTE), 
	"USER_TYPE" VARCHAR2(20 BYTE), 
	"APPLICANT_ID" VARCHAR2(50 BYTE), 
	"STAFF_NO" VARCHAR2(50 BYTE), 
	"PASSWORD" VARCHAR2(20 BYTE)
   ) PCTFREE 10 PCTUSED 40 INITRANS 1 MAXTRANS 255 
 NOCOMPRESS LOGGING
  STORAGE(INITIAL 65536 NEXT 1048576 MINEXTENTS 1 MAXEXTENTS 2147483645
  PCTINCREASE 0 FREELISTS 1 FREELIST GROUPS 1
  BUFFER_POOL DEFAULT FLASH_CACHE DEFAULT CELL_FLASH_CACHE DEFAULT)
  TABLESPACE "SYSTEM" ;


REM INSERTING into SYSTEM.UHA_ADMIN
SET DEFINE OFF;
Insert into SYSTEM.UHA_ADMIN (STAFF_NO,FIRST_NAME,GENDER,DOB,LOCATION,POSITION,LAST_NAME,STREET,CITY,POSTCODE,COUNTRY) values ('1','Minerva','F',to_date('04-OCT-60','DD-MON-RR'),'Gryffindor Hall','Hall Manager/ Supervisor','McGonagall','McGonagall Road','Delhi',11,'India');
Insert into SYSTEM.UHA_ADMIN (STAFF_NO,FIRST_NAME,GENDER,DOB,LOCATION,POSITION,LAST_NAME,STREET,CITY,POSTCODE,COUNTRY) values ('2','Severus','M',to_date('07-SEP-53','DD-MON-RR'),'Slytherin Hall','Hall Manager/ Supervisor','Snape','Snape Road','Lahore',7,'Pakistan');
Insert into SYSTEM.UHA_ADMIN (STAFF_NO,FIRST_NAME,GENDER,DOB,LOCATION,POSITION,LAST_NAME,STREET,CITY,POSTCODE,COUNTRY) values ('3','Filius','M',to_date('06-OCT-15','DD-MON-RR'),'Ravenclaw','Hall Manager/ Supervisor','Flitwick','Flitwick Road','Sydney',50,'Australia');
Insert into SYSTEM.UHA_ADMIN (STAFF_NO,FIRST_NAME,GENDER,DOB,LOCATION,POSITION,LAST_NAME,STREET,CITY,POSTCODE,COUNTRY) values ('4','Pomona','F',to_date('16-OCT-65','DD-MON-RR'),'Hufflepuff','Hall Manager/ Supervisor','Sprout','Sprout Road','Berlin',5963,'Germany');
Insert into SYSTEM.UHA_ADMIN (STAFF_NO,FIRST_NAME,GENDER,DOB,LOCATION,POSITION,LAST_NAME,STREET,CITY,POSTCODE,COUNTRY) values ('5','Albus','M',to_date('23-APR-45','DD-MON-RR'),'Hogwarts','Hall Manager/ Supervisor','Dumbledore','Dumbledore Road','Gandhinagar',382007,'India');
REM INSERTING into SYSTEM.UHA_ADMIN_ACTION_ON_LEASE
SET DEFINE OFF;
REM INSERTING into SYSTEM.UHA_ADMIN_ACTION_ON_PARKING
SET DEFINE OFF;
REM INSERTING into SYSTEM.UHA_ADMIN_ACTION_ON_TICKET
SET DEFINE OFF;
REM INSERTING into SYSTEM.UHA_APARTMENT
SET DEFINE OFF;
Insert into SYSTEM.UHA_APARTMENT (APARTMENT_NO,ADDRESS_ID,NO_OF_BEDS,NO_OF_BATHS,FRESHMEN_ALLOWED,ON_CAMPUS,APARTMENT_TYPE,SECURITY_DEPOSIT,STAFF_NO) values ('101',3,3,null,'Y','Y','GA',400,'3');
Insert into SYSTEM.UHA_APARTMENT (APARTMENT_NO,ADDRESS_ID,NO_OF_BEDS,NO_OF_BATHS,FRESHMEN_ALLOWED,ON_CAMPUS,APARTMENT_TYPE,SECURITY_DEPOSIT,STAFF_NO) values ('102',3,4,null,'Y','Y','GA',400,'3');
Insert into SYSTEM.UHA_APARTMENT (APARTMENT_NO,ADDRESS_ID,NO_OF_BEDS,NO_OF_BATHS,FRESHMEN_ALLOWED,ON_CAMPUS,APARTMENT_TYPE,SECURITY_DEPOSIT,STAFF_NO) values ('103',4,3,null,'Y','Y','GA',450,'4');
Insert into SYSTEM.UHA_APARTMENT (APARTMENT_NO,ADDRESS_ID,NO_OF_BEDS,NO_OF_BATHS,FRESHMEN_ALLOWED,ON_CAMPUS,APARTMENT_TYPE,SECURITY_DEPOSIT,STAFF_NO) values ('104',4,4,null,'Y','Y','GA',450,'4');
Insert into SYSTEM.UHA_APARTMENT (APARTMENT_NO,ADDRESS_ID,NO_OF_BEDS,NO_OF_BATHS,FRESHMEN_ALLOWED,ON_CAMPUS,APARTMENT_TYPE,SECURITY_DEPOSIT,STAFF_NO) values ('105',5,1,null,'Y','Y','FA',500,'5');
Insert into SYSTEM.UHA_APARTMENT (APARTMENT_NO,ADDRESS_ID,NO_OF_BEDS,NO_OF_BATHS,FRESHMEN_ALLOWED,ON_CAMPUS,APARTMENT_TYPE,SECURITY_DEPOSIT,STAFF_NO) values ('106',5,2,null,'Y','Y','FA',600,'5');
Insert into SYSTEM.UHA_APARTMENT (APARTMENT_NO,ADDRESS_ID,NO_OF_BEDS,NO_OF_BATHS,FRESHMEN_ALLOWED,ON_CAMPUS,APARTMENT_TYPE,SECURITY_DEPOSIT,STAFF_NO) values ('107',5,3,null,'Y','Y','FA',800,'5');
REM INSERTING into SYSTEM.UHA_APPLICANT
SET DEFINE OFF;
Insert into SYSTEM.UHA_APPLICANT (APPLICANT_ID,FIRST_NAME,DOB,GENDER,NATION_OF_ORIGIN,SMOKER,SPECIAL_NEEDS,COMMENTS,PHONE_NO,ALT_PHONE_NO,GUEST,LAST_NAME,STREET,CITY,POSTCODE,COUNTRY) values ('100540001','Harry',to_date('21-JUL-91','DD-MON-RR'),'M','British','N','N','NONE',9189327078,9176326078,'N','Potter','31 B, Privet Drive','London',27605,'England');
Insert into SYSTEM.UHA_APPLICANT (APPLICANT_ID,FIRST_NAME,DOB,GENDER,NATION_OF_ORIGIN,SMOKER,SPECIAL_NEEDS,COMMENTS,PHONE_NO,ALT_PHONE_NO,GUEST,LAST_NAME,STREET,CITY,POSTCODE,COUNTRY) values ('100540002','Draco',to_date('05-JUN-90','DD-MON-RR'),'M','American','Y','N','NONE',9189327067,null,'N','Malfoy','31 B, Malfoy Drive','New York',27506,'USA');
Insert into SYSTEM.UHA_APPLICANT (APPLICANT_ID,FIRST_NAME,DOB,GENDER,NATION_OF_ORIGIN,SMOKER,SPECIAL_NEEDS,COMMENTS,PHONE_NO,ALT_PHONE_NO,GUEST,LAST_NAME,STREET,CITY,POSTCODE,COUNTRY) values ('100540003','Ron',to_date('01-MAR-86','DD-MON-RR'),'M','Italian','N','N','NONE',9189567067,null,'N','Weasley','31 B, Weasley Road','Rome ',27456,'Italy');
Insert into SYSTEM.UHA_APPLICANT (APPLICANT_ID,FIRST_NAME,DOB,GENDER,NATION_OF_ORIGIN,SMOKER,SPECIAL_NEEDS,COMMENTS,PHONE_NO,ALT_PHONE_NO,GUEST,LAST_NAME,STREET,CITY,POSTCODE,COUNTRY) values ('200540001','Viktor',to_date('29-NOV-82','DD-MON-RR'),'M','Bulgarian','Y','N','NONE',9198333567,9198332233,'Y','Krum','32 A, Krum Road','Sofia',2221,'Bulgaria');
Insert into SYSTEM.UHA_APPLICANT (APPLICANT_ID,FIRST_NAME,DOB,GENDER,NATION_OF_ORIGIN,SMOKER,SPECIAL_NEEDS,COMMENTS,PHONE_NO,ALT_PHONE_NO,GUEST,LAST_NAME,STREET,CITY,POSTCODE,COUNTRY) values ('100540004','Hermione',to_date('19-SEP-86','DD-MON-RR'),'F','Scottish','N','N','NONE',9189568567,null,'N','Granger','32 A, Granger Road','Edinburg',25556,'Scotland');
Insert into SYSTEM.UHA_APPLICANT (APPLICANT_ID,FIRST_NAME,DOB,GENDER,NATION_OF_ORIGIN,SMOKER,SPECIAL_NEEDS,COMMENTS,PHONE_NO,ALT_PHONE_NO,GUEST,LAST_NAME,STREET,CITY,POSTCODE,COUNTRY) values ('100540005','Fred',to_date('20-OCT-89','DD-MON-RR'),'M','Italian','N','N','NONE',9133368567,9133368511,'N','Weasley','31 B, Weasley Road','Rome',27456,'Italy');
Insert into SYSTEM.UHA_APPLICANT (APPLICANT_ID,FIRST_NAME,DOB,GENDER,NATION_OF_ORIGIN,SMOKER,SPECIAL_NEEDS,COMMENTS,PHONE_NO,ALT_PHONE_NO,GUEST,LAST_NAME,STREET,CITY,POSTCODE,COUNTRY) values ('100540006','George',to_date('20-OCT-82','DD-MON-RR'),'M','Italian','N','N','NONE',9133368568,null,'N','Weasley','31 B, Weasley Road','Rome',27456,'Italy');
Insert into SYSTEM.UHA_APPLICANT (APPLICANT_ID,FIRST_NAME,DOB,GENDER,NATION_OF_ORIGIN,SMOKER,SPECIAL_NEEDS,COMMENTS,PHONE_NO,ALT_PHONE_NO,GUEST,LAST_NAME,STREET,CITY,POSTCODE,COUNTRY) values ('100540008','Vernon',to_date('29-NOV-75','DD-MON-RR'),'M','American','Y','N','NONE',9198954357,9198954786,'N','Dursley','32 A, Dursley Road','Raleigh',27606,'USA');
Insert into SYSTEM.UHA_APPLICANT (APPLICANT_ID,FIRST_NAME,DOB,GENDER,NATION_OF_ORIGIN,SMOKER,SPECIAL_NEEDS,COMMENTS,PHONE_NO,ALT_PHONE_NO,GUEST,LAST_NAME,STREET,CITY,POSTCODE,COUNTRY) values ('100540007','Bill',to_date('29-NOV-82','DD-MON-RR'),'M','Belgian','N','Difficulty in walking','NONE',9198568567,null,'N','Weasley','32 A, William Road','Brussels',2535,'Belgium');
Insert into SYSTEM.UHA_APPLICANT (APPLICANT_ID,FIRST_NAME,DOB,GENDER,NATION_OF_ORIGIN,SMOKER,SPECIAL_NEEDS,COMMENTS,PHONE_NO,ALT_PHONE_NO,GUEST,LAST_NAME,STREET,CITY,POSTCODE,COUNTRY) values ('200540002','Olympe',to_date('19-MAY-70','DD-MON-RR'),'F','French','Y','N','NONE',9197773567,null,'Y','Maxime','32 A, Maxime Road','Paris',2331,'France');
REM INSERTING into SYSTEM.UHA_APPLICANT_FAMILY
SET DEFINE OFF;
Insert into SYSTEM.UHA_APPLICANT_FAMILY (APPLICANT_ID,RELATION,DOB,FIRST_NAME,LAST_NAME,FAMILY_MEMBER_ID) values ('100540008',null,to_date('13-DEC-78','DD-MON-RR'),'Petunia ','Dursely',2);
Insert into SYSTEM.UHA_APPLICANT_FAMILY (APPLICANT_ID,RELATION,DOB,FIRST_NAME,LAST_NAME,FAMILY_MEMBER_ID) values ('100540008',null,to_date('26-JUN-00','DD-MON-RR'),'Dudley','Dursely',3);
Insert into SYSTEM.UHA_APPLICANT_FAMILY (APPLICANT_ID,RELATION,DOB,FIRST_NAME,LAST_NAME,FAMILY_MEMBER_ID) values ('100540007',null,to_date('31-MAR-82','DD-MON-RR'),'Fleur','Delacour',1);
REM INSERTING into SYSTEM.UHA_APPLICANT_NEXT_OF_KIN
SET DEFINE OFF;
Insert into SYSTEM.UHA_APPLICANT_NEXT_OF_KIN (APPLICANT_ID,RELATION,PHONE_NO,STREET,CITY,POSTCODE,FIRST_NAME,LAST_NAME,NEXT_OF_KIN_ID,COUNTRY) values ('100540002','Father',9439560752,'31 B, Malfoy Drive','New York',27506,'Lucius','Malfoy',2,null);
Insert into SYSTEM.UHA_APPLICANT_NEXT_OF_KIN (APPLICANT_ID,RELATION,PHONE_NO,STREET,CITY,POSTCODE,FIRST_NAME,LAST_NAME,NEXT_OF_KIN_ID,COUNTRY) values ('100540001','Godfather',9439560752,'12, Grimmauld Place','London',25605,'Sirius','Black',1,null);
Insert into SYSTEM.UHA_APPLICANT_NEXT_OF_KIN (APPLICANT_ID,RELATION,PHONE_NO,STREET,CITY,POSTCODE,FIRST_NAME,LAST_NAME,NEXT_OF_KIN_ID,COUNTRY) values ('100540003','Father',9436660752,'31 B, Weasley Road','Rome',27456,'Aurthur','Weasley',3,null);
Insert into SYSTEM.UHA_APPLICANT_NEXT_OF_KIN (APPLICANT_ID,RELATION,PHONE_NO,STREET,CITY,POSTCODE,FIRST_NAME,LAST_NAME,NEXT_OF_KIN_ID,COUNTRY) values ('100540004','Father',9433360752,'32 A, Granger Road','Edinburg',25556,'NFN','Granger',4,null);
Insert into SYSTEM.UHA_APPLICANT_NEXT_OF_KIN (APPLICANT_ID,RELATION,PHONE_NO,STREET,CITY,POSTCODE,FIRST_NAME,LAST_NAME,NEXT_OF_KIN_ID,COUNTRY) values ('100540005','Father',9436660752,'31 B, Weasley Road','Rome',27456,'Aurthur','Weasley',5,null);
Insert into SYSTEM.UHA_APPLICANT_NEXT_OF_KIN (APPLICANT_ID,RELATION,PHONE_NO,STREET,CITY,POSTCODE,FIRST_NAME,LAST_NAME,NEXT_OF_KIN_ID,COUNTRY) values ('100540006','Father',9436660752,'31 B, Weasley Road','Rome',27456,'Aurthur','Weasley',6,null);
Insert into SYSTEM.UHA_APPLICANT_NEXT_OF_KIN (APPLICANT_ID,RELATION,PHONE_NO,STREET,CITY,POSTCODE,FIRST_NAME,LAST_NAME,NEXT_OF_KIN_ID,COUNTRY) values ('100540007','Father',9436660752,'31 B, Weasley Road','Rome',27456,'Aurthur','Weasley',7,null);
Insert into SYSTEM.UHA_APPLICANT_NEXT_OF_KIN (APPLICANT_ID,RELATION,PHONE_NO,STREET,CITY,POSTCODE,FIRST_NAME,LAST_NAME,NEXT_OF_KIN_ID,COUNTRY) values ('200540001','Headmaster',94363530752,'32 A, Krum Road','Sofia',2221,'Igor','Karkaroff',8,null);
Insert into SYSTEM.UHA_APPLICANT_NEXT_OF_KIN (APPLICANT_ID,RELATION,PHONE_NO,STREET,CITY,POSTCODE,FIRST_NAME,LAST_NAME,NEXT_OF_KIN_ID,COUNTRY) values ('200540002','Friend',94363595752,'32 A, Bagshot Road','Zurich',35221,'Bathilda','Bagshot',9,null);
Insert into SYSTEM.UHA_APPLICANT_NEXT_OF_KIN (APPLICANT_ID,RELATION,PHONE_NO,STREET,CITY,POSTCODE,FIRST_NAME,LAST_NAME,NEXT_OF_KIN_ID,COUNTRY) values ('100540008','Wife',94363654752,'32 A, Dursley Road','Raleigh',27606,'Petunia','Dursley',10,null);
REM INSERTING into SYSTEM.UHA_FAMILY_APARTMENT
SET DEFINE OFF;
Insert into SYSTEM.UHA_FAMILY_APARTMENT (APARTMENT_NO,MONTHLY_RENT_RATE,NO_OF_BEDS) values ('105',450,1);
Insert into SYSTEM.UHA_FAMILY_APARTMENT (APARTMENT_NO,MONTHLY_RENT_RATE,NO_OF_BEDS) values ('106',550,2);
Insert into SYSTEM.UHA_FAMILY_APARTMENT (APARTMENT_NO,MONTHLY_RENT_RATE,NO_OF_BEDS) values ('107',700,3);
REM INSERTING into SYSTEM.UHA_GENERAL_BEDROOM_APARTMENT
SET DEFINE OFF;
Insert into SYSTEM.UHA_GENERAL_BEDROOM_APARTMENT (PLACE_NO,ROOM_NO,APARTMENT_NO,MONTHLY_RENT_RATE) values ('001','1','101',350);
Insert into SYSTEM.UHA_GENERAL_BEDROOM_APARTMENT (PLACE_NO,ROOM_NO,APARTMENT_NO,MONTHLY_RENT_RATE) values ('002','2','101',350);
Insert into SYSTEM.UHA_GENERAL_BEDROOM_APARTMENT (PLACE_NO,ROOM_NO,APARTMENT_NO,MONTHLY_RENT_RATE) values ('003','3','101',350);
Insert into SYSTEM.UHA_GENERAL_BEDROOM_APARTMENT (PLACE_NO,ROOM_NO,APARTMENT_NO,MONTHLY_RENT_RATE) values ('004','1','102',350);
Insert into SYSTEM.UHA_GENERAL_BEDROOM_APARTMENT (PLACE_NO,ROOM_NO,APARTMENT_NO,MONTHLY_RENT_RATE) values ('005','2','102',350);
Insert into SYSTEM.UHA_GENERAL_BEDROOM_APARTMENT (PLACE_NO,ROOM_NO,APARTMENT_NO,MONTHLY_RENT_RATE) values ('006','3','102',350);
Insert into SYSTEM.UHA_GENERAL_BEDROOM_APARTMENT (PLACE_NO,ROOM_NO,APARTMENT_NO,MONTHLY_RENT_RATE) values ('007','4','102',350);
Insert into SYSTEM.UHA_GENERAL_BEDROOM_APARTMENT (PLACE_NO,ROOM_NO,APARTMENT_NO,MONTHLY_RENT_RATE) values ('008','1','103',375);
Insert into SYSTEM.UHA_GENERAL_BEDROOM_APARTMENT (PLACE_NO,ROOM_NO,APARTMENT_NO,MONTHLY_RENT_RATE) values ('009','2','103',375);
Insert into SYSTEM.UHA_GENERAL_BEDROOM_APARTMENT (PLACE_NO,ROOM_NO,APARTMENT_NO,MONTHLY_RENT_RATE) values ('010','3','103',375);
Insert into SYSTEM.UHA_GENERAL_BEDROOM_APARTMENT (PLACE_NO,ROOM_NO,APARTMENT_NO,MONTHLY_RENT_RATE) values ('011','1','104',375);
Insert into SYSTEM.UHA_GENERAL_BEDROOM_APARTMENT (PLACE_NO,ROOM_NO,APARTMENT_NO,MONTHLY_RENT_RATE) values ('012','2','104',375);
Insert into SYSTEM.UHA_GENERAL_BEDROOM_APARTMENT (PLACE_NO,ROOM_NO,APARTMENT_NO,MONTHLY_RENT_RATE) values ('013','3','104',375);
Insert into SYSTEM.UHA_GENERAL_BEDROOM_APARTMENT (PLACE_NO,ROOM_NO,APARTMENT_NO,MONTHLY_RENT_RATE) values ('014','4','104',375);
REM INSERTING into SYSTEM.UHA_GUEST
SET DEFINE OFF;
Insert into SYSTEM.UHA_GUEST (APPROVAL_ID,STATUS,COACHING_COURSE) values ('200540001','PLACED','Triwizard Cup');
Insert into SYSTEM.UHA_GUEST (APPROVAL_ID,STATUS,COACHING_COURSE) values ('200540002','PLACED','Triwizard Cup');
REM INSERTING into SYSTEM.UHA_HOUSING_ADDRESS
SET DEFINE OFF;
Insert into SYSTEM.UHA_HOUSING_ADDRESS (ADDRESS_ID,STREET,CITY,POSTCODE,HOUSING_NAME,STATE) values (1,'2751 Cates Avenue','Raleigh',27607,'Gryffindor Hall','NC');
Insert into SYSTEM.UHA_HOUSING_ADDRESS (ADDRESS_ID,STREET,CITY,POSTCODE,HOUSING_NAME,STATE) values (2,'210 Dan Allen Dr','Raleigh',27695,'Slytherin Hall','NC');
Insert into SYSTEM.UHA_HOUSING_ADDRESS (ADDRESS_ID,STREET,CITY,POSTCODE,HOUSING_NAME,STATE) values (3,'315, Gorman Crossings','Raleigh ',27606,'Ravenclaw','NC');
Insert into SYSTEM.UHA_HOUSING_ADDRESS (ADDRESS_ID,STREET,CITY,POSTCODE,HOUSING_NAME,STATE) values (4,'515, University Commons','Raleigh',27606,'Hufflepuff','NC');
Insert into SYSTEM.UHA_HOUSING_ADDRESS (ADDRESS_ID,STREET,CITY,POSTCODE,HOUSING_NAME,STATE) values (5,'300, Wade Avenue','Raleigh',27606,'Hogwarts','NC');
REM INSERTING into SYSTEM.UHA_HOUSING_NEAR_PARKING
SET DEFINE OFF;
Insert into SYSTEM.UHA_HOUSING_NEAR_PARKING (LOT_NO,ADDRESS_ID) values ('1','1');
Insert into SYSTEM.UHA_HOUSING_NEAR_PARKING (LOT_NO,ADDRESS_ID) values ('2','2');
Insert into SYSTEM.UHA_HOUSING_NEAR_PARKING (LOT_NO,ADDRESS_ID) values ('3','3');
Insert into SYSTEM.UHA_HOUSING_NEAR_PARKING (LOT_NO,ADDRESS_ID) values ('4','3');
Insert into SYSTEM.UHA_HOUSING_NEAR_PARKING (LOT_NO,ADDRESS_ID) values ('5','4');
Insert into SYSTEM.UHA_HOUSING_NEAR_PARKING (LOT_NO,ADDRESS_ID) values ('6','5');
REM INSERTING into SYSTEM.UHA_HOUSING_RESIDENCE_HALL
SET DEFINE OFF;
Insert into SYSTEM.UHA_HOUSING_RESIDENCE_HALL (NAME,ADDRESS_ID,PHONE_NO,STAFF_NO,NO_OF_ROOMS,GRAD_UPPER_ONLY,SECURITY_DEPOSIT) values ('Gryffindor Hall',1,919540001,'1',5,'N',400);
Insert into SYSTEM.UHA_HOUSING_RESIDENCE_HALL (NAME,ADDRESS_ID,PHONE_NO,STAFF_NO,NO_OF_ROOMS,GRAD_UPPER_ONLY,SECURITY_DEPOSIT) values ('Slytherin Hall',2,919540002,'2',3,'Y',500);
REM INSERTING into SYSTEM.UHA_INVOICE
SET DEFINE OFF;
REM INSERTING into SYSTEM.UHA_LEASE
SET DEFINE OFF;
Insert into SYSTEM.UHA_LEASE (LEASE_NO,DURATION,APPLICANT_NO,PLACE_NO,ROOM_NO,APARTMENT_NO,ADDRESS_ID,SECURITY_DEPOSIT,ENTER_DATE,LEAVE_DATE,PAYMENT_SCHEDULE_OPTION,REQUEST_STATUS,APARTMENT_TYPE,TOTAL_RENT,REQUESTED_ON) values ('8',2,'200540001','004','1','102',3,400,to_date('01-MAR-15','DD-MON-RR'),to_date('30-APR-15','DD-MON-RR'),'MONTHLY','INPROGRESS','GA',700,null);
Insert into SYSTEM.UHA_LEASE (LEASE_NO,DURATION,APPLICANT_NO,PLACE_NO,ROOM_NO,APARTMENT_NO,ADDRESS_ID,SECURITY_DEPOSIT,ENTER_DATE,LEAVE_DATE,PAYMENT_SCHEDULE_OPTION,REQUEST_STATUS,APARTMENT_TYPE,TOTAL_RENT,REQUESTED_ON) values ('9',1,'200540002','005','2','102',3,400,to_date('01-APR-15','DD-MON-RR'),to_date('30-APR-15','DD-MON-RR'),'MONTHLY','INPROGRESS','GA',350,null);
Insert into SYSTEM.UHA_LEASE (LEASE_NO,DURATION,APPLICANT_NO,PLACE_NO,ROOM_NO,APARTMENT_NO,ADDRESS_ID,SECURITY_DEPOSIT,ENTER_DATE,LEAVE_DATE,PAYMENT_SCHEDULE_OPTION,REQUEST_STATUS,APARTMENT_TYPE,TOTAL_RENT,REQUESTED_ON) values ('1',7,'100540001','001','1',null,1,400,to_date('01-JAN-15','DD-MON-RR'),to_date('31-JUL-15','DD-MON-RR'),'SEMESTERLY','INPROGRESS','RH',2800,null);
Insert into SYSTEM.UHA_LEASE (LEASE_NO,DURATION,APPLICANT_NO,PLACE_NO,ROOM_NO,APARTMENT_NO,ADDRESS_ID,SECURITY_DEPOSIT,ENTER_DATE,LEAVE_DATE,PAYMENT_SCHEDULE_OPTION,REQUEST_STATUS,APARTMENT_TYPE,TOTAL_RENT,REQUESTED_ON) values ('2',7,'100540002','001','1','101',3,400,to_date('01-JAN-15','DD-MON-RR'),to_date('31-JUL-15','DD-MON-RR'),'SEMESTERLY','INPROGRESS','GA',2450,null);
Insert into SYSTEM.UHA_LEASE (LEASE_NO,DURATION,APPLICANT_NO,PLACE_NO,ROOM_NO,APARTMENT_NO,ADDRESS_ID,SECURITY_DEPOSIT,ENTER_DATE,LEAVE_DATE,PAYMENT_SCHEDULE_OPTION,REQUEST_STATUS,APARTMENT_TYPE,TOTAL_RENT,REQUESTED_ON) values ('3',5,'100540003','002','2',null,1,400,to_date('01-JAN-15','DD-MON-RR'),to_date('31-MAY-15','DD-MON-RR'),'MONTHLY','INPROGRESS','RH',2000,null);
Insert into SYSTEM.UHA_LEASE (LEASE_NO,DURATION,APPLICANT_NO,PLACE_NO,ROOM_NO,APARTMENT_NO,ADDRESS_ID,SECURITY_DEPOSIT,ENTER_DATE,LEAVE_DATE,PAYMENT_SCHEDULE_OPTION,REQUEST_STATUS,APARTMENT_TYPE,TOTAL_RENT,REQUESTED_ON) values ('4',7,'100540004','003','3',null,1,400,to_date('01-JAN-15','DD-MON-RR'),to_date('31-JUL-15','DD-MON-RR'),'MONTHLY','INPROGRESS','RH',2800,null);
Insert into SYSTEM.UHA_LEASE (LEASE_NO,DURATION,APPLICANT_NO,PLACE_NO,ROOM_NO,APARTMENT_NO,ADDRESS_ID,SECURITY_DEPOSIT,ENTER_DATE,LEAVE_DATE,PAYMENT_SCHEDULE_OPTION,REQUEST_STATUS,APARTMENT_TYPE,TOTAL_RENT,REQUESTED_ON) values ('5',5,'100540005','008','1','103',4,450,to_date('01-JAN-15','DD-MON-RR'),to_date('31-MAY-15','DD-MON-RR'),'MONTHLY','INPROGRESS','GA',1875,null);
Insert into SYSTEM.UHA_LEASE (LEASE_NO,DURATION,APPLICANT_NO,PLACE_NO,ROOM_NO,APARTMENT_NO,ADDRESS_ID,SECURITY_DEPOSIT,ENTER_DATE,LEAVE_DATE,PAYMENT_SCHEDULE_OPTION,REQUEST_STATUS,APARTMENT_TYPE,TOTAL_RENT,REQUESTED_ON) values ('6',7,'100540006','009','2','103',4,450,to_date('01-JAN-15','DD-MON-RR'),to_date('31-JUL-15','DD-MON-RR'),'SEMESTERLY','INPROGRESS','GA',2625,null);
Insert into SYSTEM.UHA_LEASE (LEASE_NO,DURATION,APPLICANT_NO,PLACE_NO,ROOM_NO,APARTMENT_NO,ADDRESS_ID,SECURITY_DEPOSIT,ENTER_DATE,LEAVE_DATE,PAYMENT_SCHEDULE_OPTION,REQUEST_STATUS,APARTMENT_TYPE,TOTAL_RENT,REQUESTED_ON) values ('7',7,'100540007','006','1',null,2,500,to_date('01-JAN-15','DD-MON-RR'),to_date('31-JUL-15','DD-MON-RR'),'SEMESTERLY','INPROGRESS','RH',3150,null);
Insert into SYSTEM.UHA_LEASE (LEASE_NO,DURATION,APPLICANT_NO,PLACE_NO,ROOM_NO,APARTMENT_NO,ADDRESS_ID,SECURITY_DEPOSIT,ENTER_DATE,LEAVE_DATE,PAYMENT_SCHEDULE_OPTION,REQUEST_STATUS,APARTMENT_TYPE,TOTAL_RENT,REQUESTED_ON) values ('10',7,'100540008',null,null,'107',5,800,to_date('01-JAN-15','DD-MON-RR'),to_date('31-JUL-15','DD-MON-RR'),'SEMESTERLY','INPROGRESS','FA',4900,null);
REM INSERTING into SYSTEM.UHA_LEASE_REQUEST
SET DEFINE OFF;
REM INSERTING into SYSTEM.UHA_LEASE_TERMINATION
SET DEFINE OFF;
REM INSERTING into SYSTEM.UHA_PARKING_LOT
SET DEFINE OFF;
Insert into SYSTEM.UHA_PARKING_LOT (LOT_NO,NO_OF_SPOTS) values ('1',4);
Insert into SYSTEM.UHA_PARKING_LOT (LOT_NO,NO_OF_SPOTS) values ('2',6);
Insert into SYSTEM.UHA_PARKING_LOT (LOT_NO,NO_OF_SPOTS) values ('3',6);
Insert into SYSTEM.UHA_PARKING_LOT (LOT_NO,NO_OF_SPOTS) values ('4',4);
Insert into SYSTEM.UHA_PARKING_LOT (LOT_NO,NO_OF_SPOTS) values ('5',8);
Insert into SYSTEM.UHA_PARKING_LOT (LOT_NO,NO_OF_SPOTS) values ('6',12);
Insert into SYSTEM.UHA_PARKING_LOT (LOT_NO,NO_OF_SPOTS) values ('7',12);
REM INSERTING into SYSTEM.UHA_PARKING_REQUEST
SET DEFINE OFF;
Insert into SYSTEM.UHA_PARKING_REQUEST (PARKING_REQUEST_NO,LEASE_NO,APPLICANT_NO,PERMIT_ID,REQUEST_STATUS,VEHICLE_TYPE,OTHER_CLASSIFICATION_ACCEPTED,NOT_NEAR_HOUSING_AREA_ACCEPTED,HANDICAPPED,SPOT_ID,START_DATE,END_DATE) values ('1','1','100540001','1','INPROGRESS','SMALL CAR','Y','Y','N','003',to_date('01-JAN-15','DD-MON-RR'),to_date('31-JUL-15','DD-MON-RR'));
Insert into SYSTEM.UHA_PARKING_REQUEST (PARKING_REQUEST_NO,LEASE_NO,APPLICANT_NO,PERMIT_ID,REQUEST_STATUS,VEHICLE_TYPE,OTHER_CLASSIFICATION_ACCEPTED,NOT_NEAR_HOUSING_AREA_ACCEPTED,HANDICAPPED,SPOT_ID,START_DATE,END_DATE) values ('9','10','100540008','9','INPROGRESS','LARGE CAR','Y','Y','N','038',to_date('01-JAN-15','DD-MON-RR'),to_date('31-JUL-15','DD-MON-RR'));
Insert into SYSTEM.UHA_PARKING_REQUEST (PARKING_REQUEST_NO,LEASE_NO,APPLICANT_NO,PERMIT_ID,REQUEST_STATUS,VEHICLE_TYPE,OTHER_CLASSIFICATION_ACCEPTED,NOT_NEAR_HOUSING_AREA_ACCEPTED,HANDICAPPED,SPOT_ID,START_DATE,END_DATE) values ('2','2','100540002','2','INPROGRESS','SMALL CAR','Y','Y','N','013',to_date('01-JAN-15','DD-MON-RR'),to_date('31-JUL-15','DD-MON-RR'));
Insert into SYSTEM.UHA_PARKING_REQUEST (PARKING_REQUEST_NO,LEASE_NO,APPLICANT_NO,PERMIT_ID,REQUEST_STATUS,VEHICLE_TYPE,OTHER_CLASSIFICATION_ACCEPTED,NOT_NEAR_HOUSING_AREA_ACCEPTED,HANDICAPPED,SPOT_ID,START_DATE,END_DATE) values ('3','3','100540003','3','INPROGRESS','BIKE','Y','Y','N','002',to_date('01-JAN-15','DD-MON-RR'),to_date('15-MAY-15','DD-MON-RR'));
Insert into SYSTEM.UHA_PARKING_REQUEST (PARKING_REQUEST_NO,LEASE_NO,APPLICANT_NO,PERMIT_ID,REQUEST_STATUS,VEHICLE_TYPE,OTHER_CLASSIFICATION_ACCEPTED,NOT_NEAR_HOUSING_AREA_ACCEPTED,HANDICAPPED,SPOT_ID,START_DATE,END_DATE) values ('5','5','100540005','5','INPROGRESS','LARGE CAR','Y','Y','N','027',to_date('01-JAN-15','DD-MON-RR'),to_date('31-MAY-15','DD-MON-RR'));
Insert into SYSTEM.UHA_PARKING_REQUEST (PARKING_REQUEST_NO,LEASE_NO,APPLICANT_NO,PERMIT_ID,REQUEST_STATUS,VEHICLE_TYPE,OTHER_CLASSIFICATION_ACCEPTED,NOT_NEAR_HOUSING_AREA_ACCEPTED,HANDICAPPED,SPOT_ID,START_DATE,END_DATE) values ('6','6','100540006','6','INPROGRESS','SMALL CAR','Y','Y','N','025',to_date('01-JAN-15','DD-MON-RR'),to_date('31-JUL-15','DD-MON-RR'));
Insert into SYSTEM.UHA_PARKING_REQUEST (PARKING_REQUEST_NO,LEASE_NO,APPLICANT_NO,PERMIT_ID,REQUEST_STATUS,VEHICLE_TYPE,OTHER_CLASSIFICATION_ACCEPTED,NOT_NEAR_HOUSING_AREA_ACCEPTED,HANDICAPPED,SPOT_ID,START_DATE,END_DATE) values ('7','7','100540007','7','INPROGRESS','SMALL CAR','Y','Y','N','007',to_date('01-JAN-15','DD-MON-RR'),to_date('31-JUL-15','DD-MON-RR'));
Insert into SYSTEM.UHA_PARKING_REQUEST (PARKING_REQUEST_NO,LEASE_NO,APPLICANT_NO,PERMIT_ID,REQUEST_STATUS,VEHICLE_TYPE,OTHER_CLASSIFICATION_ACCEPTED,NOT_NEAR_HOUSING_AREA_ACCEPTED,HANDICAPPED,SPOT_ID,START_DATE,END_DATE) values ('8','8','200540001','8','INPROGRESS','SMALL CAR','Y','Y','N','045',to_date('01-MAR-15','DD-MON-RR'),to_date('30-APR-15','DD-MON-RR'));
REM INSERTING into SYSTEM.UHA_PARKING_SPOT
SET DEFINE OFF;
Insert into SYSTEM.UHA_PARKING_SPOT (SPOT_NO,LOT_NO,CLASSIFICATION,MONTHLY_RENT,HANDICAPPED) values ('001','1','SMALL CAR',25,'Y');
Insert into SYSTEM.UHA_PARKING_SPOT (SPOT_NO,LOT_NO,CLASSIFICATION,MONTHLY_RENT,HANDICAPPED) values ('002','1','BIKE',30,'N');
Insert into SYSTEM.UHA_PARKING_SPOT (SPOT_NO,LOT_NO,CLASSIFICATION,MONTHLY_RENT,HANDICAPPED) values ('003','1','SMALL CAR',35,'N');
Insert into SYSTEM.UHA_PARKING_SPOT (SPOT_NO,LOT_NO,CLASSIFICATION,MONTHLY_RENT,HANDICAPPED) values ('004','1','LARGE CAR',40,'N');
Insert into SYSTEM.UHA_PARKING_SPOT (SPOT_NO,LOT_NO,CLASSIFICATION,MONTHLY_RENT,HANDICAPPED) values ('005','2','LARGE CAR',25,'Y');
Insert into SYSTEM.UHA_PARKING_SPOT (SPOT_NO,LOT_NO,CLASSIFICATION,MONTHLY_RENT,HANDICAPPED) values ('006','2','BIKE',30,'N');
Insert into SYSTEM.UHA_PARKING_SPOT (SPOT_NO,LOT_NO,CLASSIFICATION,MONTHLY_RENT,HANDICAPPED) values ('007','2','SMALL CAR',35,'N');
Insert into SYSTEM.UHA_PARKING_SPOT (SPOT_NO,LOT_NO,CLASSIFICATION,MONTHLY_RENT,HANDICAPPED) values ('008','2','SMALL CAR',35,'N');
Insert into SYSTEM.UHA_PARKING_SPOT (SPOT_NO,LOT_NO,CLASSIFICATION,MONTHLY_RENT,HANDICAPPED) values ('009','2','SMALL CAR',35,'N');
Insert into SYSTEM.UHA_PARKING_SPOT (SPOT_NO,LOT_NO,CLASSIFICATION,MONTHLY_RENT,HANDICAPPED) values ('010','2','LARGE CAR',40,'N');
Insert into SYSTEM.UHA_PARKING_SPOT (SPOT_NO,LOT_NO,CLASSIFICATION,MONTHLY_RENT,HANDICAPPED) values ('011','3','SMALL CAR',25,'Y');
Insert into SYSTEM.UHA_PARKING_SPOT (SPOT_NO,LOT_NO,CLASSIFICATION,MONTHLY_RENT,HANDICAPPED) values ('012','3','BIKE',30,'N');
Insert into SYSTEM.UHA_PARKING_SPOT (SPOT_NO,LOT_NO,CLASSIFICATION,MONTHLY_RENT,HANDICAPPED) values ('013','3','SMALL CAR',35,'N');
Insert into SYSTEM.UHA_PARKING_SPOT (SPOT_NO,LOT_NO,CLASSIFICATION,MONTHLY_RENT,HANDICAPPED) values ('014','3','SMALL CAR',35,'N');
Insert into SYSTEM.UHA_PARKING_SPOT (SPOT_NO,LOT_NO,CLASSIFICATION,MONTHLY_RENT,HANDICAPPED) values ('015','3','LARGE CAR',40,'N');
Insert into SYSTEM.UHA_PARKING_SPOT (SPOT_NO,LOT_NO,CLASSIFICATION,MONTHLY_RENT,HANDICAPPED) values ('016','3','LARGE CAR',40,'N');
Insert into SYSTEM.UHA_PARKING_SPOT (SPOT_NO,LOT_NO,CLASSIFICATION,MONTHLY_RENT,HANDICAPPED) values ('017','4','LARGE CAR',25,'Y');
Insert into SYSTEM.UHA_PARKING_SPOT (SPOT_NO,LOT_NO,CLASSIFICATION,MONTHLY_RENT,HANDICAPPED) values ('018','4','BIKE',30,'N');
Insert into SYSTEM.UHA_PARKING_SPOT (SPOT_NO,LOT_NO,CLASSIFICATION,MONTHLY_RENT,HANDICAPPED) values ('019','4','SMALL CAR',35,'N');
Insert into SYSTEM.UHA_PARKING_SPOT (SPOT_NO,LOT_NO,CLASSIFICATION,MONTHLY_RENT,HANDICAPPED) values ('020','4','LARGE CAR',40,'N');
Insert into SYSTEM.UHA_PARKING_SPOT (SPOT_NO,LOT_NO,CLASSIFICATION,MONTHLY_RENT,HANDICAPPED) values ('021','5','SMALL CAR',25,'Y');
Insert into SYSTEM.UHA_PARKING_SPOT (SPOT_NO,LOT_NO,CLASSIFICATION,MONTHLY_RENT,HANDICAPPED) values ('022','5','LARGE CAR',25,'Y');
Insert into SYSTEM.UHA_PARKING_SPOT (SPOT_NO,LOT_NO,CLASSIFICATION,MONTHLY_RENT,HANDICAPPED) values ('023','5','BIKE',30,'N');
Insert into SYSTEM.UHA_PARKING_SPOT (SPOT_NO,LOT_NO,CLASSIFICATION,MONTHLY_RENT,HANDICAPPED) values ('024','5','BIKE',30,'N');
Insert into SYSTEM.UHA_PARKING_SPOT (SPOT_NO,LOT_NO,CLASSIFICATION,MONTHLY_RENT,HANDICAPPED) values ('025','5','SMALL CAR',35,'N');
Insert into SYSTEM.UHA_PARKING_SPOT (SPOT_NO,LOT_NO,CLASSIFICATION,MONTHLY_RENT,HANDICAPPED) values ('026','5','SMALL CAR',35,'N');
Insert into SYSTEM.UHA_PARKING_SPOT (SPOT_NO,LOT_NO,CLASSIFICATION,MONTHLY_RENT,HANDICAPPED) values ('027','5','LARGE CAR',40,'N');
Insert into SYSTEM.UHA_PARKING_SPOT (SPOT_NO,LOT_NO,CLASSIFICATION,MONTHLY_RENT,HANDICAPPED) values ('028','5','LARGE CAR',40,'N');
Insert into SYSTEM.UHA_PARKING_SPOT (SPOT_NO,LOT_NO,CLASSIFICATION,MONTHLY_RENT,HANDICAPPED) values ('029','6','SMALL CAR',25,'Y');
Insert into SYSTEM.UHA_PARKING_SPOT (SPOT_NO,LOT_NO,CLASSIFICATION,MONTHLY_RENT,HANDICAPPED) values ('030','6','LARGE CAR',25,'Y');
Insert into SYSTEM.UHA_PARKING_SPOT (SPOT_NO,LOT_NO,CLASSIFICATION,MONTHLY_RENT,HANDICAPPED) values ('031','6','BIKE',30,'N');
Insert into SYSTEM.UHA_PARKING_SPOT (SPOT_NO,LOT_NO,CLASSIFICATION,MONTHLY_RENT,HANDICAPPED) values ('032','6','BIKE',30,'N');
Insert into SYSTEM.UHA_PARKING_SPOT (SPOT_NO,LOT_NO,CLASSIFICATION,MONTHLY_RENT,HANDICAPPED) values ('033','6','SMALL CAR',35,'N');
Insert into SYSTEM.UHA_PARKING_SPOT (SPOT_NO,LOT_NO,CLASSIFICATION,MONTHLY_RENT,HANDICAPPED) values ('034','6','SMALL CAR',35,'N');
Insert into SYSTEM.UHA_PARKING_SPOT (SPOT_NO,LOT_NO,CLASSIFICATION,MONTHLY_RENT,HANDICAPPED) values ('035','6','SMALL CAR',35,'N');
Insert into SYSTEM.UHA_PARKING_SPOT (SPOT_NO,LOT_NO,CLASSIFICATION,MONTHLY_RENT,HANDICAPPED) values ('036','6','SMALL CAR',35,'N');
Insert into SYSTEM.UHA_PARKING_SPOT (SPOT_NO,LOT_NO,CLASSIFICATION,MONTHLY_RENT,HANDICAPPED) values ('037','6','SMALL CAR',35,'N');
Insert into SYSTEM.UHA_PARKING_SPOT (SPOT_NO,LOT_NO,CLASSIFICATION,MONTHLY_RENT,HANDICAPPED) values ('038','6','LARGE CAR',40,'N');
Insert into SYSTEM.UHA_PARKING_SPOT (SPOT_NO,LOT_NO,CLASSIFICATION,MONTHLY_RENT,HANDICAPPED) values ('039','6','LARGE CAR',40,'N');
Insert into SYSTEM.UHA_PARKING_SPOT (SPOT_NO,LOT_NO,CLASSIFICATION,MONTHLY_RENT,HANDICAPPED) values ('040','6','LARGE CAR',40,'N');
Insert into SYSTEM.UHA_PARKING_SPOT (SPOT_NO,LOT_NO,CLASSIFICATION,MONTHLY_RENT,HANDICAPPED) values ('041','7','SMALL CAR',25,'Y');
Insert into SYSTEM.UHA_PARKING_SPOT (SPOT_NO,LOT_NO,CLASSIFICATION,MONTHLY_RENT,HANDICAPPED) values ('042','7','LARGE CAR',25,'Y');
Insert into SYSTEM.UHA_PARKING_SPOT (SPOT_NO,LOT_NO,CLASSIFICATION,MONTHLY_RENT,HANDICAPPED) values ('043','7','BIKE',30,'N');
Insert into SYSTEM.UHA_PARKING_SPOT (SPOT_NO,LOT_NO,CLASSIFICATION,MONTHLY_RENT,HANDICAPPED) values ('044','7','BIKE',30,'N');
Insert into SYSTEM.UHA_PARKING_SPOT (SPOT_NO,LOT_NO,CLASSIFICATION,MONTHLY_RENT,HANDICAPPED) values ('045','7','SMALL CAR',35,'N');
Insert into SYSTEM.UHA_PARKING_SPOT (SPOT_NO,LOT_NO,CLASSIFICATION,MONTHLY_RENT,HANDICAPPED) values ('046','7','SMALL CAR',35,'N');
Insert into SYSTEM.UHA_PARKING_SPOT (SPOT_NO,LOT_NO,CLASSIFICATION,MONTHLY_RENT,HANDICAPPED) values ('047','7','SMALL CAR',35,'N');
Insert into SYSTEM.UHA_PARKING_SPOT (SPOT_NO,LOT_NO,CLASSIFICATION,MONTHLY_RENT,HANDICAPPED) values ('048','7','SMALL CAR',35,'N');
Insert into SYSTEM.UHA_PARKING_SPOT (SPOT_NO,LOT_NO,CLASSIFICATION,MONTHLY_RENT,HANDICAPPED) values ('049','7','SMALL CAR',35,'N');
Insert into SYSTEM.UHA_PARKING_SPOT (SPOT_NO,LOT_NO,CLASSIFICATION,MONTHLY_RENT,HANDICAPPED) values ('050','7','LARGE CAR',40,'N');
Insert into SYSTEM.UHA_PARKING_SPOT (SPOT_NO,LOT_NO,CLASSIFICATION,MONTHLY_RENT,HANDICAPPED) values ('051','7','LARGE CAR',40,'N');
Insert into SYSTEM.UHA_PARKING_SPOT (SPOT_NO,LOT_NO,CLASSIFICATION,MONTHLY_RENT,HANDICAPPED) values ('052','7','LARGE CAR',40,'N');
REM INSERTING into SYSTEM.UHA_RESIDENCE_HALL_ROOM
SET DEFINE OFF;
Insert into SYSTEM.UHA_RESIDENCE_HALL_ROOM (PLACE_NO,RESIDENCE_HALL_NAME,ROOM_NO,MONTHLY_RENT_RATE) values ('001','Gryffindor Hall','1',400);
Insert into SYSTEM.UHA_RESIDENCE_HALL_ROOM (PLACE_NO,RESIDENCE_HALL_NAME,ROOM_NO,MONTHLY_RENT_RATE) values ('002','Gryffindor Hall','2',400);
Insert into SYSTEM.UHA_RESIDENCE_HALL_ROOM (PLACE_NO,RESIDENCE_HALL_NAME,ROOM_NO,MONTHLY_RENT_RATE) values ('003','Gryffindor Hall','3',400);
Insert into SYSTEM.UHA_RESIDENCE_HALL_ROOM (PLACE_NO,RESIDENCE_HALL_NAME,ROOM_NO,MONTHLY_RENT_RATE) values ('004','Gryffindor Hall','4',400);
Insert into SYSTEM.UHA_RESIDENCE_HALL_ROOM (PLACE_NO,RESIDENCE_HALL_NAME,ROOM_NO,MONTHLY_RENT_RATE) values ('005','Gryffindor Hall','5',400);
Insert into SYSTEM.UHA_RESIDENCE_HALL_ROOM (PLACE_NO,RESIDENCE_HALL_NAME,ROOM_NO,MONTHLY_RENT_RATE) values ('006','Slytherin Hall','1',450);
Insert into SYSTEM.UHA_RESIDENCE_HALL_ROOM (PLACE_NO,RESIDENCE_HALL_NAME,ROOM_NO,MONTHLY_RENT_RATE) values ('007','Slytherin Hall','2',450);
Insert into SYSTEM.UHA_RESIDENCE_HALL_ROOM (PLACE_NO,RESIDENCE_HALL_NAME,ROOM_NO,MONTHLY_RENT_RATE) values ('008','Slytherin Hall','3',450);
REM INSERTING into SYSTEM.UHA_STUDENT
SET DEFINE OFF;
Insert into SYSTEM.UHA_STUDENT (STUDENT_ID,STATUS,COURSE,CATEGORY_YEAR,CATEGORY_DEGREE) values ('100540001','PLACED','Defence Against Dark Arts',1,'UG');
Insert into SYSTEM.UHA_STUDENT (STUDENT_ID,STATUS,COURSE,CATEGORY_YEAR,CATEGORY_DEGREE) values ('100540002','PLACED','Muggle Studies',1,'UG');
Insert into SYSTEM.UHA_STUDENT (STUDENT_ID,STATUS,COURSE,CATEGORY_YEAR,CATEGORY_DEGREE) values ('100540005','PLACED','Muggle Studies',4,'UG');
Insert into SYSTEM.UHA_STUDENT (STUDENT_ID,STATUS,COURSE,CATEGORY_YEAR,CATEGORY_DEGREE) values ('100540006','PLACED','Muggle Studies',4,'UG');
Insert into SYSTEM.UHA_STUDENT (STUDENT_ID,STATUS,COURSE,CATEGORY_YEAR,CATEGORY_DEGREE) values ('100540007','PLACED','Potions',1,'GD');
Insert into SYSTEM.UHA_STUDENT (STUDENT_ID,STATUS,COURSE,CATEGORY_YEAR,CATEGORY_DEGREE) values ('100540008','PLACED','Muggle Studies',1,'GD');
Insert into SYSTEM.UHA_STUDENT (STUDENT_ID,STATUS,COURSE,CATEGORY_YEAR,CATEGORY_DEGREE) values ('100540004','PLACED','Muggle Studies',1,'GD');
Insert into SYSTEM.UHA_STUDENT (STUDENT_ID,STATUS,COURSE,CATEGORY_YEAR,CATEGORY_DEGREE) values ('100540003','PLACED','Care of Magical Creatures',1,'GD');
REM INSERTING into SYSTEM.UHA_TICKET
SET DEFINE OFF;
Insert into SYSTEM.UHA_TICKET (TICKET_NO,TICKET_TYPE,SEVERITY,RAISED_BY,RAISED_DATE,LOCATION,STATUS,PROCESSED_DATETIME,SEVERITY_ID,TICKET_DESCRIPTION) values ('63','INTERNET','MEDIUM','100540003',to_date('30-MAR-15','DD-MON-RR'),null,'COMPLETED',null,2,'Internet not working');
Insert into SYSTEM.UHA_TICKET (TICKET_NO,TICKET_TYPE,SEVERITY,RAISED_BY,RAISED_DATE,LOCATION,STATUS,PROCESSED_DATETIME,SEVERITY_ID,TICKET_DESCRIPTION) values ('64','CLEANING','LOW','100540007',to_date('15-MAR-15','DD-MON-RR'),null,'COMPLETED',null,3,'Cleaning');
Insert into SYSTEM.UHA_TICKET (TICKET_NO,TICKET_TYPE,SEVERITY,RAISED_BY,RAISED_DATE,LOCATION,STATUS,PROCESSED_DATETIME,SEVERITY_ID,TICKET_DESCRIPTION) values ('65','MISCELLANEOUS','LOW','200540002',to_date('02-APR-15','DD-MON-RR'),null,'PENDING',null,3,'Window Broken');
Insert into SYSTEM.UHA_TICKET (TICKET_NO,TICKET_TYPE,SEVERITY,RAISED_BY,RAISED_DATE,LOCATION,STATUS,PROCESSED_DATETIME,SEVERITY_ID,TICKET_DESCRIPTION) values ('61','WATER','HIGH','100540001',to_date('06-APR-15','DD-MON-RR'),null,'PENDING',null,1,'No Water');
REM INSERTING into SYSTEM.UHA_USERS
SET DEFINE OFF;
Insert into SYSTEM.UHA_USERS (USER_ID,USER_TYPE,APPLICANT_ID,STAFF_NO,PASSWORD) values ('HARRY','STUDENT','100540001',null,'HARRY');
Insert into SYSTEM.UHA_USERS (USER_ID,USER_TYPE,APPLICANT_ID,STAFF_NO,PASSWORD) values ('DRACO','STUDENT','100540002',null,'DRACO');
Insert into SYSTEM.UHA_USERS (USER_ID,USER_TYPE,APPLICANT_ID,STAFF_NO,PASSWORD) values ('RON','STUDENT','100540003',null,'RON');
Insert into SYSTEM.UHA_USERS (USER_ID,USER_TYPE,APPLICANT_ID,STAFF_NO,PASSWORD) values ('HERMOINE','STUDENT','100540004',null,'HERMOINE');
Insert into SYSTEM.UHA_USERS (USER_ID,USER_TYPE,APPLICANT_ID,STAFF_NO,PASSWORD) values ('FRED','STUDENT','100540005',null,'FRED');
Insert into SYSTEM.UHA_USERS (USER_ID,USER_TYPE,APPLICANT_ID,STAFF_NO,PASSWORD) values ('GEORGE','STUDENT','100540006',null,'GEORGE');
Insert into SYSTEM.UHA_USERS (USER_ID,USER_TYPE,APPLICANT_ID,STAFF_NO,PASSWORD) values ('BILL','STUDENT','100540007',null,'BILL');
Insert into SYSTEM.UHA_USERS (USER_ID,USER_TYPE,APPLICANT_ID,STAFF_NO,PASSWORD) values ('VERNON','STUDENT','100540008',null,'VERNON');
Insert into SYSTEM.UHA_USERS (USER_ID,USER_TYPE,APPLICANT_ID,STAFF_NO,PASSWORD) values ('MINERVA','SUPERVISOR',null,'1','MINERVA');
Insert into SYSTEM.UHA_USERS (USER_ID,USER_TYPE,APPLICANT_ID,STAFF_NO,PASSWORD) values ('SEVERUS','SUPERVISOR',null,'2','SEVERUS');
Insert into SYSTEM.UHA_USERS (USER_ID,USER_TYPE,APPLICANT_ID,STAFF_NO,PASSWORD) values ('FILIUS','SUPERVISOR',null,'3','FILIUS');
Insert into SYSTEM.UHA_USERS (USER_ID,USER_TYPE,APPLICANT_ID,STAFF_NO,PASSWORD) values ('POMONA','SUPERVISOR',null,'4','POMONA');
Insert into SYSTEM.UHA_USERS (USER_ID,USER_TYPE,APPLICANT_ID,STAFF_NO,PASSWORD) values ('ALBUS','SUPERVISOR',null,'5','ALBUS');

--------------------------------------------------------
--  DDL for Index UHA_ADMIN_PK
--------------------------------------------------------

  CREATE UNIQUE INDEX "SYSTEM"."UHA_ADMIN_PK" ON "SYSTEM"."UHA_ADMIN" ("STAFF_NO") 
  PCTFREE 10 INITRANS 2 MAXTRANS 255 COMPUTE STATISTICS 
  STORAGE(INITIAL 65536 NEXT 1048576 MINEXTENTS 1 MAXEXTENTS 2147483645
  PCTINCREASE 0 FREELISTS 1 FREELIST GROUPS 1
  BUFFER_POOL DEFAULT FLASH_CACHE DEFAULT CELL_FLASH_CACHE DEFAULT)
  TABLESPACE "SYSTEM" ;
--------------------------------------------------------
--  DDL for Index UHA_APARTMENT_PK
--------------------------------------------------------

  CREATE UNIQUE INDEX "SYSTEM"."UHA_APARTMENT_PK" ON "SYSTEM"."UHA_APARTMENT" ("APARTMENT_NO") 
  PCTFREE 10 INITRANS 2 MAXTRANS 255 COMPUTE STATISTICS 
  STORAGE(INITIAL 65536 NEXT 1048576 MINEXTENTS 1 MAXEXTENTS 2147483645
  PCTINCREASE 0 FREELISTS 1 FREELIST GROUPS 1
  BUFFER_POOL DEFAULT FLASH_CACHE DEFAULT CELL_FLASH_CACHE DEFAULT)
  TABLESPACE "SYSTEM" ;
--------------------------------------------------------
--  DDL for Index UHA_APPLICANT_PK
--------------------------------------------------------

  CREATE UNIQUE INDEX "SYSTEM"."UHA_APPLICANT_PK" ON "SYSTEM"."UHA_APPLICANT" ("APPLICANT_ID") 
  PCTFREE 10 INITRANS 2 MAXTRANS 255 COMPUTE STATISTICS 
  STORAGE(INITIAL 65536 NEXT 1048576 MINEXTENTS 1 MAXEXTENTS 2147483645
  PCTINCREASE 0 FREELISTS 1 FREELIST GROUPS 1
  BUFFER_POOL DEFAULT FLASH_CACHE DEFAULT CELL_FLASH_CACHE DEFAULT)
  TABLESPACE "SYSTEM" ;
--------------------------------------------------------
--  DDL for Index UHA_APPLICANT_FAMILY_PK
--------------------------------------------------------

  CREATE UNIQUE INDEX "SYSTEM"."UHA_APPLICANT_FAMILY_PK" ON "SYSTEM"."UHA_APPLICANT_FAMILY" ("APPLICANT_ID", "FAMILY_MEMBER_ID") 
  PCTFREE 10 INITRANS 2 MAXTRANS 255 COMPUTE STATISTICS 
  STORAGE(INITIAL 65536 NEXT 1048576 MINEXTENTS 1 MAXEXTENTS 2147483645
  PCTINCREASE 0 FREELISTS 1 FREELIST GROUPS 1
  BUFFER_POOL DEFAULT FLASH_CACHE DEFAULT CELL_FLASH_CACHE DEFAULT)
  TABLESPACE "SYSTEM" ;
--------------------------------------------------------
--  DDL for Index UHA_APPLICANT_NEXT_OF_KIN_PK
--------------------------------------------------------

  CREATE UNIQUE INDEX "SYSTEM"."UHA_APPLICANT_NEXT_OF_KIN_PK" ON "SYSTEM"."UHA_APPLICANT_NEXT_OF_KIN" ("APPLICANT_ID", "NEXT_OF_KIN_ID") 
  PCTFREE 10 INITRANS 2 MAXTRANS 255 COMPUTE STATISTICS 
  STORAGE(INITIAL 65536 NEXT 1048576 MINEXTENTS 1 MAXEXTENTS 2147483645
  PCTINCREASE 0 FREELISTS 1 FREELIST GROUPS 1
  BUFFER_POOL DEFAULT FLASH_CACHE DEFAULT CELL_FLASH_CACHE DEFAULT)
  TABLESPACE "SYSTEM" ;
--------------------------------------------------------
--  DDL for Index UHA_FAMILY_APARTMENT_PK
--------------------------------------------------------

  CREATE UNIQUE INDEX "SYSTEM"."UHA_FAMILY_APARTMENT_PK" ON "SYSTEM"."UHA_FAMILY_APARTMENT" ("APARTMENT_NO") 
  PCTFREE 10 INITRANS 2 MAXTRANS 255 COMPUTE STATISTICS 
  STORAGE(INITIAL 65536 NEXT 1048576 MINEXTENTS 1 MAXEXTENTS 2147483645
  PCTINCREASE 0 FREELISTS 1 FREELIST GROUPS 1
  BUFFER_POOL DEFAULT FLASH_CACHE DEFAULT CELL_FLASH_CACHE DEFAULT)
  TABLESPACE "SYSTEM" ;
--------------------------------------------------------
--  DDL for Index UHA_GENERAL_BEDROOM_APART_PK
--------------------------------------------------------

  CREATE UNIQUE INDEX "SYSTEM"."UHA_GENERAL_BEDROOM_APART_PK" ON "SYSTEM"."UHA_GENERAL_BEDROOM_APARTMENT" ("PLACE_NO") 
  PCTFREE 10 INITRANS 2 MAXTRANS 255 COMPUTE STATISTICS 
  STORAGE(INITIAL 65536 NEXT 1048576 MINEXTENTS 1 MAXEXTENTS 2147483645
  PCTINCREASE 0 FREELISTS 1 FREELIST GROUPS 1
  BUFFER_POOL DEFAULT FLASH_CACHE DEFAULT CELL_FLASH_CACHE DEFAULT)
  TABLESPACE "SYSTEM" ;
--------------------------------------------------------
--  DDL for Index UHA_GUEST_PK
--------------------------------------------------------

  CREATE UNIQUE INDEX "SYSTEM"."UHA_GUEST_PK" ON "SYSTEM"."UHA_GUEST" ("APPROVAL_ID") 
  PCTFREE 10 INITRANS 2 MAXTRANS 255 
  STORAGE(INITIAL 65536 NEXT 1048576 MINEXTENTS 1 MAXEXTENTS 2147483645
  PCTINCREASE 0 FREELISTS 1 FREELIST GROUPS 1
  BUFFER_POOL DEFAULT FLASH_CACHE DEFAULT CELL_FLASH_CACHE DEFAULT)
  TABLESPACE "SYSTEM" ;
--------------------------------------------------------
--  DDL for Index UHA_HOUSING_ADDRESS_PK
--------------------------------------------------------

  CREATE UNIQUE INDEX "SYSTEM"."UHA_HOUSING_ADDRESS_PK" ON "SYSTEM"."UHA_HOUSING_ADDRESS" ("ADDRESS_ID") 
  PCTFREE 10 INITRANS 2 MAXTRANS 255 COMPUTE STATISTICS 
  STORAGE(INITIAL 65536 NEXT 1048576 MINEXTENTS 1 MAXEXTENTS 2147483645
  PCTINCREASE 0 FREELISTS 1 FREELIST GROUPS 1
  BUFFER_POOL DEFAULT FLASH_CACHE DEFAULT CELL_FLASH_CACHE DEFAULT)
  TABLESPACE "SYSTEM" ;
--------------------------------------------------------
--  DDL for Index UHA_HOUSING_NEAR_PARKING_PK
--------------------------------------------------------

  CREATE UNIQUE INDEX "SYSTEM"."UHA_HOUSING_NEAR_PARKING_PK" ON "SYSTEM"."UHA_HOUSING_NEAR_PARKING" ("LOT_NO", "ADDRESS_ID") 
  PCTFREE 10 INITRANS 2 MAXTRANS 255 
  STORAGE(INITIAL 65536 NEXT 1048576 MINEXTENTS 1 MAXEXTENTS 2147483645
  PCTINCREASE 0 FREELISTS 1 FREELIST GROUPS 1
  BUFFER_POOL DEFAULT FLASH_CACHE DEFAULT CELL_FLASH_CACHE DEFAULT)
  TABLESPACE "SYSTEM" ;
--------------------------------------------------------
--  DDL for Index UHA_HOUSING_RESIDENCE_HAL_PK
--------------------------------------------------------

  CREATE UNIQUE INDEX "SYSTEM"."UHA_HOUSING_RESIDENCE_HAL_PK" ON "SYSTEM"."UHA_HOUSING_RESIDENCE_HALL" ("NAME") 
  PCTFREE 10 INITRANS 2 MAXTRANS 255 COMPUTE STATISTICS 
  STORAGE(INITIAL 65536 NEXT 1048576 MINEXTENTS 1 MAXEXTENTS 2147483645
  PCTINCREASE 0 FREELISTS 1 FREELIST GROUPS 1
  BUFFER_POOL DEFAULT FLASH_CACHE DEFAULT CELL_FLASH_CACHE DEFAULT)
  TABLESPACE "SYSTEM" ;
--------------------------------------------------------
--  DDL for Index UHA_INVOICE_PK
--------------------------------------------------------

  CREATE UNIQUE INDEX "SYSTEM"."UHA_INVOICE_PK" ON "SYSTEM"."UHA_INVOICE" ("INVOICE_NO") 
  PCTFREE 10 INITRANS 2 MAXTRANS 255 COMPUTE STATISTICS 
  STORAGE(INITIAL 65536 NEXT 1048576 MINEXTENTS 1 MAXEXTENTS 2147483645
  PCTINCREASE 0 FREELISTS 1 FREELIST GROUPS 1
  BUFFER_POOL DEFAULT FLASH_CACHE DEFAULT CELL_FLASH_CACHE DEFAULT)
  TABLESPACE "SYSTEM" ;
--------------------------------------------------------
--  DDL for Index UHA_INVOICE_UK
--------------------------------------------------------

  CREATE UNIQUE INDEX "SYSTEM"."UHA_INVOICE_UK" ON "SYSTEM"."UHA_INVOICE" ("LEASE_NO", "DATE_BILLED") 
  PCTFREE 10 INITRANS 2 MAXTRANS 255 COMPUTE STATISTICS 
  STORAGE(INITIAL 65536 NEXT 1048576 MINEXTENTS 1 MAXEXTENTS 2147483645
  PCTINCREASE 0 FREELISTS 1 FREELIST GROUPS 1
  BUFFER_POOL DEFAULT FLASH_CACHE DEFAULT CELL_FLASH_CACHE DEFAULT)
  TABLESPACE "SYSTEM" ;
--------------------------------------------------------
--  DDL for Index UHA_LEASE_SINGLE_REQ_UK
--------------------------------------------------------

  CREATE UNIQUE INDEX "SYSTEM"."UHA_LEASE_SINGLE_REQ_UK" ON "SYSTEM"."UHA_LEASE" ("APPLICANT_NO", "ENTER_DATE") 
  PCTFREE 10 INITRANS 2 MAXTRANS 255 COMPUTE STATISTICS 
  STORAGE(INITIAL 65536 NEXT 1048576 MINEXTENTS 1 MAXEXTENTS 2147483645
  PCTINCREASE 0 FREELISTS 1 FREELIST GROUPS 1
  BUFFER_POOL DEFAULT FLASH_CACHE DEFAULT CELL_FLASH_CACHE DEFAULT)
  TABLESPACE "SYSTEM" ;
--------------------------------------------------------
--  DDL for Index UHA_LEASE_PK
--------------------------------------------------------

  CREATE UNIQUE INDEX "SYSTEM"."UHA_LEASE_PK" ON "SYSTEM"."UHA_LEASE" ("LEASE_NO") 
  PCTFREE 10 INITRANS 2 MAXTRANS 255 COMPUTE STATISTICS 
  STORAGE(INITIAL 65536 NEXT 1048576 MINEXTENTS 1 MAXEXTENTS 2147483645
  PCTINCREASE 0 FREELISTS 1 FREELIST GROUPS 1
  BUFFER_POOL DEFAULT FLASH_CACHE DEFAULT CELL_FLASH_CACHE DEFAULT)
  TABLESPACE "SYSTEM" ;
--------------------------------------------------------
--  DDL for Index LEASE_REQUEST_PK
--------------------------------------------------------

  CREATE UNIQUE INDEX "SYSTEM"."LEASE_REQUEST_PK" ON "SYSTEM"."UHA_LEASE_REQUEST" ("LEASE_NO", "PREFERENCE") 
  PCTFREE 10 INITRANS 2 MAXTRANS 255 COMPUTE STATISTICS 
  STORAGE(INITIAL 65536 NEXT 1048576 MINEXTENTS 1 MAXEXTENTS 2147483645
  PCTINCREASE 0 FREELISTS 1 FREELIST GROUPS 1
  BUFFER_POOL DEFAULT FLASH_CACHE DEFAULT CELL_FLASH_CACHE DEFAULT)
  TABLESPACE "SYSTEM" ;
--------------------------------------------------------
--  DDL for Index UHA_LEASE_REQUEST_APT_DUP_UK
--------------------------------------------------------

  CREATE UNIQUE INDEX "SYSTEM"."UHA_LEASE_REQUEST_APT_DUP_UK" ON "SYSTEM"."UHA_LEASE_REQUEST" ("LEASE_NO", "APARTMENT_NO", "RESHALL_NAME") 
  PCTFREE 10 INITRANS 2 MAXTRANS 255 COMPUTE STATISTICS 
  STORAGE(INITIAL 65536 NEXT 1048576 MINEXTENTS 1 MAXEXTENTS 2147483645
  PCTINCREASE 0 FREELISTS 1 FREELIST GROUPS 1
  BUFFER_POOL DEFAULT FLASH_CACHE DEFAULT CELL_FLASH_CACHE DEFAULT)
  TABLESPACE "SYSTEM" ;
--------------------------------------------------------
--  DDL for Index UHA_LEASE_TERMINATION_PK
--------------------------------------------------------

  CREATE UNIQUE INDEX "SYSTEM"."UHA_LEASE_TERMINATION_PK" ON "SYSTEM"."UHA_LEASE_TERMINATION" ("TERMINATION_REQUEST_NO") 
  PCTFREE 10 INITRANS 2 MAXTRANS 255 COMPUTE STATISTICS 
  STORAGE(INITIAL 65536 NEXT 1048576 MINEXTENTS 1 MAXEXTENTS 2147483645
  PCTINCREASE 0 FREELISTS 1 FREELIST GROUPS 1
  BUFFER_POOL DEFAULT FLASH_CACHE DEFAULT CELL_FLASH_CACHE DEFAULT)
  TABLESPACE "SYSTEM" ;
--------------------------------------------------------
--  DDL for Index UHA_PARKING_LOT_PK
--------------------------------------------------------

  CREATE UNIQUE INDEX "SYSTEM"."UHA_PARKING_LOT_PK" ON "SYSTEM"."UHA_PARKING_LOT" ("LOT_NO") 
  PCTFREE 10 INITRANS 2 MAXTRANS 255 COMPUTE STATISTICS 
  STORAGE(INITIAL 65536 NEXT 1048576 MINEXTENTS 1 MAXEXTENTS 2147483645
  PCTINCREASE 0 FREELISTS 1 FREELIST GROUPS 1
  BUFFER_POOL DEFAULT FLASH_CACHE DEFAULT CELL_FLASH_CACHE DEFAULT)
  TABLESPACE "SYSTEM" ;
--------------------------------------------------------
--  DDL for Index UHA_PARKING_REQUEST_PK
--------------------------------------------------------

  CREATE UNIQUE INDEX "SYSTEM"."UHA_PARKING_REQUEST_PK" ON "SYSTEM"."UHA_PARKING_REQUEST" ("PARKING_REQUEST_NO") 
  PCTFREE 10 INITRANS 2 MAXTRANS 255 COMPUTE STATISTICS 
  STORAGE(INITIAL 65536 NEXT 1048576 MINEXTENTS 1 MAXEXTENTS 2147483645
  PCTINCREASE 0 FREELISTS 1 FREELIST GROUPS 1
  BUFFER_POOL DEFAULT FLASH_CACHE DEFAULT CELL_FLASH_CACHE DEFAULT)
  TABLESPACE "SYSTEM" ;
--------------------------------------------------------
--  DDL for Index UHA_PARKING_LEASE_INDEX
--------------------------------------------------------

  CREATE UNIQUE INDEX "SYSTEM"."UHA_PARKING_LEASE_INDEX" ON "SYSTEM"."UHA_PARKING_REQUEST" ("LEASE_NO") 
  PCTFREE 10 INITRANS 2 MAXTRANS 255 COMPUTE STATISTICS 
  STORAGE(INITIAL 65536 NEXT 1048576 MINEXTENTS 1 MAXEXTENTS 2147483645
  PCTINCREASE 0 FREELISTS 1 FREELIST GROUPS 1
  BUFFER_POOL DEFAULT FLASH_CACHE DEFAULT CELL_FLASH_CACHE DEFAULT)
  TABLESPACE "SYSTEM" ;
--------------------------------------------------------
--  DDL for Index UHA_PARKING_REQUEST_PERMIT_UK
--------------------------------------------------------

  CREATE UNIQUE INDEX "SYSTEM"."UHA_PARKING_REQUEST_PERMIT_UK" ON "SYSTEM"."UHA_PARKING_REQUEST" ("PERMIT_ID") 
  PCTFREE 10 INITRANS 2 MAXTRANS 255 COMPUTE STATISTICS 
  STORAGE(INITIAL 65536 NEXT 1048576 MINEXTENTS 1 MAXEXTENTS 2147483645
  PCTINCREASE 0 FREELISTS 1 FREELIST GROUPS 1
  BUFFER_POOL DEFAULT FLASH_CACHE DEFAULT CELL_FLASH_CACHE DEFAULT)
  TABLESPACE "SYSTEM" ;
--------------------------------------------------------
--  DDL for Index UHA_PARKING_SPOT_PK
--------------------------------------------------------

  CREATE UNIQUE INDEX "SYSTEM"."UHA_PARKING_SPOT_PK" ON "SYSTEM"."UHA_PARKING_SPOT" ("SPOT_NO") 
  PCTFREE 10 INITRANS 2 MAXTRANS 255 COMPUTE STATISTICS 
  STORAGE(INITIAL 65536 NEXT 1048576 MINEXTENTS 1 MAXEXTENTS 2147483645
  PCTINCREASE 0 FREELISTS 1 FREELIST GROUPS 1
  BUFFER_POOL DEFAULT FLASH_CACHE DEFAULT CELL_FLASH_CACHE DEFAULT)
  TABLESPACE "SYSTEM" ;
--------------------------------------------------------
--  DDL for Index UHA_RESIDENCE_HALL_ROOM_PK
--------------------------------------------------------

  CREATE UNIQUE INDEX "SYSTEM"."UHA_RESIDENCE_HALL_ROOM_PK" ON "SYSTEM"."UHA_RESIDENCE_HALL_ROOM" ("PLACE_NO") 
  PCTFREE 10 INITRANS 2 MAXTRANS 255 COMPUTE STATISTICS 
  STORAGE(INITIAL 65536 NEXT 1048576 MINEXTENTS 1 MAXEXTENTS 2147483645
  PCTINCREASE 0 FREELISTS 1 FREELIST GROUPS 1
  BUFFER_POOL DEFAULT FLASH_CACHE DEFAULT CELL_FLASH_CACHE DEFAULT)
  TABLESPACE "SYSTEM" ;
--------------------------------------------------------
--  DDL for Index UHA_STUDENT_PK
--------------------------------------------------------

  CREATE UNIQUE INDEX "SYSTEM"."UHA_STUDENT_PK" ON "SYSTEM"."UHA_STUDENT" ("STUDENT_ID") 
  PCTFREE 10 INITRANS 2 MAXTRANS 255 COMPUTE STATISTICS 
  STORAGE(INITIAL 65536 NEXT 1048576 MINEXTENTS 1 MAXEXTENTS 2147483645
  PCTINCREASE 0 FREELISTS 1 FREELIST GROUPS 1
  BUFFER_POOL DEFAULT FLASH_CACHE DEFAULT CELL_FLASH_CACHE DEFAULT)
  TABLESPACE "SYSTEM" ;
--------------------------------------------------------
--  DDL for Index UHA_TICKET_PK
--------------------------------------------------------

  CREATE UNIQUE INDEX "SYSTEM"."UHA_TICKET_PK" ON "SYSTEM"."UHA_TICKET" ("TICKET_NO") 
  PCTFREE 10 INITRANS 2 MAXTRANS 255 COMPUTE STATISTICS 
  STORAGE(INITIAL 65536 NEXT 1048576 MINEXTENTS 1 MAXEXTENTS 2147483645
  PCTINCREASE 0 FREELISTS 1 FREELIST GROUPS 1
  BUFFER_POOL DEFAULT FLASH_CACHE DEFAULT CELL_FLASH_CACHE DEFAULT)
  TABLESPACE "SYSTEM" ;
--------------------------------------------------------
--  DDL for Index UHA_USERS_PK
--------------------------------------------------------

  CREATE UNIQUE INDEX "SYSTEM"."UHA_USERS_PK" ON "SYSTEM"."UHA_USERS" ("USER_ID") 
  PCTFREE 10 INITRANS 2 MAXTRANS 255 COMPUTE STATISTICS 
  STORAGE(INITIAL 65536 NEXT 1048576 MINEXTENTS 1 MAXEXTENTS 2147483645
  PCTINCREASE 0 FREELISTS 1 FREELIST GROUPS 1
  BUFFER_POOL DEFAULT FLASH_CACHE DEFAULT CELL_FLASH_CACHE DEFAULT)
  TABLESPACE "SYSTEM" ;
--------------------------------------------------------
--  DDL for Index UHA_USERS_UK
--------------------------------------------------------

  CREATE UNIQUE INDEX "SYSTEM"."UHA_USERS_UK" ON "SYSTEM"."UHA_USERS" ("APPLICANT_ID", "STAFF_NO") 
  PCTFREE 10 INITRANS 2 MAXTRANS 255 COMPUTE STATISTICS 
  STORAGE(INITIAL 65536 NEXT 1048576 MINEXTENTS 1 MAXEXTENTS 2147483645
  PCTINCREASE 0 FREELISTS 1 FREELIST GROUPS 1
  BUFFER_POOL DEFAULT FLASH_CACHE DEFAULT CELL_FLASH_CACHE DEFAULT)
  TABLESPACE "SYSTEM" ;

--------------------------------------------------------
--  Constraints for Table UHA_ADMIN
--------------------------------------------------------

  ALTER TABLE "SYSTEM"."UHA_ADMIN" MODIFY ("STAFF_NO" NOT NULL ENABLE);
  ALTER TABLE "SYSTEM"."UHA_ADMIN" MODIFY ("FIRST_NAME" NOT NULL ENABLE);
  ALTER TABLE "SYSTEM"."UHA_ADMIN" MODIFY ("LAST_NAME" NOT NULL ENABLE);
  ALTER TABLE "SYSTEM"."UHA_ADMIN" ADD CONSTRAINT "UHA_ADMIN_PK" PRIMARY KEY ("STAFF_NO")
  USING INDEX PCTFREE 10 INITRANS 2 MAXTRANS 255 COMPUTE STATISTICS 
  STORAGE(INITIAL 65536 NEXT 1048576 MINEXTENTS 1 MAXEXTENTS 2147483645
  PCTINCREASE 0 FREELISTS 1 FREELIST GROUPS 1
  BUFFER_POOL DEFAULT FLASH_CACHE DEFAULT CELL_FLASH_CACHE DEFAULT)
  TABLESPACE "SYSTEM"  ENABLE;
  ALTER TABLE "SYSTEM"."UHA_ADMIN" MODIFY ("GENDER" NOT NULL ENABLE);
--------------------------------------------------------
--  Constraints for Table UHA_ADMIN_ACTION_ON_LEASE
--------------------------------------------------------

  ALTER TABLE "SYSTEM"."UHA_ADMIN_ACTION_ON_LEASE" MODIFY ("LEASE_NO" NOT NULL ENABLE);
  ALTER TABLE "SYSTEM"."UHA_ADMIN_ACTION_ON_LEASE" MODIFY ("STAFF_NO" NOT NULL ENABLE);
  ALTER TABLE "SYSTEM"."UHA_ADMIN_ACTION_ON_LEASE" MODIFY ("ACTION_TAKEN" NOT NULL ENABLE);
  ALTER TABLE "SYSTEM"."UHA_ADMIN_ACTION_ON_LEASE" MODIFY ("ACTION_DATE" NOT NULL ENABLE);
  ALTER TABLE "SYSTEM"."UHA_ADMIN_ACTION_ON_LEASE" ADD CONSTRAINT "UHA_ACTION_ON_LEASE_TAKEN_CHK" CHECK (ACTION_TAKEN IN ('APPROVED', 'DENIED', 'INSPECTED')) ENABLE;
--------------------------------------------------------
--  Constraints for Table UHA_ADMIN_ACTION_ON_PARKING
--------------------------------------------------------

  ALTER TABLE "SYSTEM"."UHA_ADMIN_ACTION_ON_PARKING" MODIFY ("PARKING_REQUEST_NO" NOT NULL ENABLE);
  ALTER TABLE "SYSTEM"."UHA_ADMIN_ACTION_ON_PARKING" MODIFY ("STAFF_NO" NOT NULL ENABLE);
  ALTER TABLE "SYSTEM"."UHA_ADMIN_ACTION_ON_PARKING" MODIFY ("ACTION_TAKEN" NOT NULL ENABLE);
  ALTER TABLE "SYSTEM"."UHA_ADMIN_ACTION_ON_PARKING" MODIFY ("ACTION_DATE" NOT NULL ENABLE);
  ALTER TABLE "SYSTEM"."UHA_ADMIN_ACTION_ON_PARKING" ADD CONSTRAINT "UHA_ACTION_ON_PARK_TAKEN_CHK" CHECK (ACTION_TAKEN IN ('APPROVED', 'DENIED')) ENABLE;
--------------------------------------------------------
--  Constraints for Table UHA_ADMIN_ACTION_ON_TICKET
--------------------------------------------------------

  ALTER TABLE "SYSTEM"."UHA_ADMIN_ACTION_ON_TICKET" ADD CONSTRAINT "UHA_ACTION_ON_TICKET_TAKEN_CHK" CHECK (ACTION_TAKEN IN ('PROCESSED', 'COMPLETED')) ENABLE;
  ALTER TABLE "SYSTEM"."UHA_ADMIN_ACTION_ON_TICKET" MODIFY ("TICKET_NO" NOT NULL ENABLE);
  ALTER TABLE "SYSTEM"."UHA_ADMIN_ACTION_ON_TICKET" MODIFY ("STAFF_NO" NOT NULL ENABLE);
  ALTER TABLE "SYSTEM"."UHA_ADMIN_ACTION_ON_TICKET" MODIFY ("ACTION_TAKEN" NOT NULL ENABLE);
  ALTER TABLE "SYSTEM"."UHA_ADMIN_ACTION_ON_TICKET" MODIFY ("ACTION_DATETIME" NOT NULL ENABLE);
--------------------------------------------------------
--  Constraints for Table UHA_APARTMENT
--------------------------------------------------------

  ALTER TABLE "SYSTEM"."UHA_APARTMENT" ADD CONSTRAINT "UHA_APARTMENT_ONCAMPUS_CHK" CHECK (ON_CAMPUS IN ('Y', 'N')) ENABLE;
  ALTER TABLE "SYSTEM"."UHA_APARTMENT" MODIFY ("APARTMENT_NO" NOT NULL ENABLE);
  ALTER TABLE "SYSTEM"."UHA_APARTMENT" MODIFY ("ADDRESS_ID" NOT NULL ENABLE);
  ALTER TABLE "SYSTEM"."UHA_APARTMENT" ADD CONSTRAINT "UHA_APARTMENT_PK" PRIMARY KEY ("APARTMENT_NO")
  USING INDEX PCTFREE 10 INITRANS 2 MAXTRANS 255 COMPUTE STATISTICS 
  STORAGE(INITIAL 65536 NEXT 1048576 MINEXTENTS 1 MAXEXTENTS 2147483645
  PCTINCREASE 0 FREELISTS 1 FREELIST GROUPS 1
  BUFFER_POOL DEFAULT FLASH_CACHE DEFAULT CELL_FLASH_CACHE DEFAULT)
  TABLESPACE "SYSTEM"  ENABLE;
  ALTER TABLE "SYSTEM"."UHA_APARTMENT" ADD CONSTRAINT "UHA_APARTMENT_FRESHMEN_CHK" CHECK (FRESHMEN_ALLOWED IN ('Y', 'N')) ENABLE;
  ALTER TABLE "SYSTEM"."UHA_APARTMENT" MODIFY ("APARTMENT_TYPE" NOT NULL ENABLE);
  ALTER TABLE "SYSTEM"."UHA_APARTMENT" ADD CONSTRAINT "UHA_APARTMENT_TYPE_CHK" CHECK (APARTMENT_TYPE IN ('GA', 'FA')) ENABLE;
--------------------------------------------------------
--  Constraints for Table UHA_APPLICANT
--------------------------------------------------------

  ALTER TABLE "SYSTEM"."UHA_APPLICANT" MODIFY ("APPLICANT_ID" NOT NULL ENABLE);
  ALTER TABLE "SYSTEM"."UHA_APPLICANT" ADD CONSTRAINT "UHA_APPLICANT_PK" PRIMARY KEY ("APPLICANT_ID")
  USING INDEX PCTFREE 10 INITRANS 2 MAXTRANS 255 COMPUTE STATISTICS 
  STORAGE(INITIAL 65536 NEXT 1048576 MINEXTENTS 1 MAXEXTENTS 2147483645
  PCTINCREASE 0 FREELISTS 1 FREELIST GROUPS 1
  BUFFER_POOL DEFAULT FLASH_CACHE DEFAULT CELL_FLASH_CACHE DEFAULT)
  TABLESPACE "SYSTEM"  ENABLE;
  ALTER TABLE "SYSTEM"."UHA_APPLICANT" ADD CONSTRAINT "UHA_APPLICANT_GENDER_CHK" CHECK (GENDER IN ('M', 'F')) ENABLE;
  ALTER TABLE "SYSTEM"."UHA_APPLICANT" ADD CONSTRAINT "UHA_APPLICANT_GUEST_CHK" CHECK (GUEST IN ('Y', 'N')) ENABLE;
  ALTER TABLE "SYSTEM"."UHA_APPLICANT" ADD CONSTRAINT "UHA_APPLICANT_SMOKER_CHK" CHECK (SMOKER IN ('Y', 'N')) ENABLE;
  ALTER TABLE "SYSTEM"."UHA_APPLICANT" MODIFY ("FIRST_NAME" NOT NULL ENABLE);
  ALTER TABLE "SYSTEM"."UHA_APPLICANT" MODIFY ("DOB" NOT NULL ENABLE);
  ALTER TABLE "SYSTEM"."UHA_APPLICANT" MODIFY ("GENDER" NOT NULL ENABLE);
  ALTER TABLE "SYSTEM"."UHA_APPLICANT" ADD CONSTRAINT "UHA_APPLICANT_ALT_PHONE_CHK" CHECK (ALT_PHONE_NO > 99999999) ENABLE;
  ALTER TABLE "SYSTEM"."UHA_APPLICANT" ADD CONSTRAINT "UHA_APPLICANT_PHONE_CHK" CHECK (PHONE_NO > 99999999) ENABLE;
  ALTER TABLE "SYSTEM"."UHA_APPLICANT" ADD CONSTRAINT "UHA_APPLICANT_POSTCODE_CHK" CHECK (POSTCODE > 99) ENABLE;
  ALTER TABLE "SYSTEM"."UHA_APPLICANT" MODIFY ("LAST_NAME" NOT NULL ENABLE);
  ALTER TABLE "SYSTEM"."UHA_APPLICANT" MODIFY ("GUEST" NOT NULL ENABLE);
--------------------------------------------------------
--  Constraints for Table UHA_APPLICANT_FAMILY
--------------------------------------------------------

  ALTER TABLE "SYSTEM"."UHA_APPLICANT_FAMILY" MODIFY ("FIRST_NAME" NOT NULL ENABLE);
  ALTER TABLE "SYSTEM"."UHA_APPLICANT_FAMILY" MODIFY ("LAST_NAME" NOT NULL ENABLE);
  ALTER TABLE "SYSTEM"."UHA_APPLICANT_FAMILY" MODIFY ("APPLICANT_ID" NOT NULL ENABLE);
  ALTER TABLE "SYSTEM"."UHA_APPLICANT_FAMILY" MODIFY ("FAMILY_MEMBER_ID" NOT NULL ENABLE);
  ALTER TABLE "SYSTEM"."UHA_APPLICANT_FAMILY" ADD CONSTRAINT "UHA_APPLICANT_FAMILY_PK" PRIMARY KEY ("APPLICANT_ID", "FAMILY_MEMBER_ID")
  USING INDEX PCTFREE 10 INITRANS 2 MAXTRANS 255 COMPUTE STATISTICS 
  STORAGE(INITIAL 65536 NEXT 1048576 MINEXTENTS 1 MAXEXTENTS 2147483645
  PCTINCREASE 0 FREELISTS 1 FREELIST GROUPS 1
  BUFFER_POOL DEFAULT FLASH_CACHE DEFAULT CELL_FLASH_CACHE DEFAULT)
  TABLESPACE "SYSTEM"  ENABLE;
--------------------------------------------------------
--  Constraints for Table UHA_APPLICANT_NEXT_OF_KIN
--------------------------------------------------------

  ALTER TABLE "SYSTEM"."UHA_APPLICANT_NEXT_OF_KIN" MODIFY ("FIRST_NAME" NOT NULL ENABLE);
  ALTER TABLE "SYSTEM"."UHA_APPLICANT_NEXT_OF_KIN" MODIFY ("LAST_NAME" NOT NULL ENABLE);
  ALTER TABLE "SYSTEM"."UHA_APPLICANT_NEXT_OF_KIN" MODIFY ("APPLICANT_ID" NOT NULL ENABLE);
  ALTER TABLE "SYSTEM"."UHA_APPLICANT_NEXT_OF_KIN" ADD CONSTRAINT "UHA_NEXT_OF_KIN_POSTCODE_CHK" CHECK (POSTCODE > 99) ENABLE;
  ALTER TABLE "SYSTEM"."UHA_APPLICANT_NEXT_OF_KIN" ADD CONSTRAINT "UHA_NEXT_OF_KIN_PHONE_CHK" CHECK (PHONE_NO > 99999999) ENABLE;
  ALTER TABLE "SYSTEM"."UHA_APPLICANT_NEXT_OF_KIN" MODIFY ("NEXT_OF_KIN_ID" NOT NULL ENABLE);
  ALTER TABLE "SYSTEM"."UHA_APPLICANT_NEXT_OF_KIN" ADD CONSTRAINT "UHA_APPLICANT_NEXT_OF_KIN_PK" PRIMARY KEY ("APPLICANT_ID", "NEXT_OF_KIN_ID")
  USING INDEX PCTFREE 10 INITRANS 2 MAXTRANS 255 COMPUTE STATISTICS 
  STORAGE(INITIAL 65536 NEXT 1048576 MINEXTENTS 1 MAXEXTENTS 2147483645
  PCTINCREASE 0 FREELISTS 1 FREELIST GROUPS 1
  BUFFER_POOL DEFAULT FLASH_CACHE DEFAULT CELL_FLASH_CACHE DEFAULT)
  TABLESPACE "SYSTEM"  ENABLE;
--------------------------------------------------------
--  Constraints for Table UHA_FAMILY_APARTMENT
--------------------------------------------------------

  ALTER TABLE "SYSTEM"."UHA_FAMILY_APARTMENT" MODIFY ("APARTMENT_NO" NOT NULL ENABLE);
  ALTER TABLE "SYSTEM"."UHA_FAMILY_APARTMENT" ADD CONSTRAINT "UHA_FAMILY_APARTMENT_PK" PRIMARY KEY ("APARTMENT_NO")
  USING INDEX PCTFREE 10 INITRANS 2 MAXTRANS 255 COMPUTE STATISTICS 
  STORAGE(INITIAL 65536 NEXT 1048576 MINEXTENTS 1 MAXEXTENTS 2147483645
  PCTINCREASE 0 FREELISTS 1 FREELIST GROUPS 1
  BUFFER_POOL DEFAULT FLASH_CACHE DEFAULT CELL_FLASH_CACHE DEFAULT)
  TABLESPACE "SYSTEM"  ENABLE;
--------------------------------------------------------
--  Constraints for Table UHA_GENERAL_BEDROOM_APARTMENT
--------------------------------------------------------

  ALTER TABLE "SYSTEM"."UHA_GENERAL_BEDROOM_APARTMENT" MODIFY ("PLACE_NO" NOT NULL ENABLE);
  ALTER TABLE "SYSTEM"."UHA_GENERAL_BEDROOM_APARTMENT" MODIFY ("ROOM_NO" NOT NULL ENABLE);
  ALTER TABLE "SYSTEM"."UHA_GENERAL_BEDROOM_APARTMENT" MODIFY ("APARTMENT_NO" NOT NULL ENABLE);
  ALTER TABLE "SYSTEM"."UHA_GENERAL_BEDROOM_APARTMENT" ADD CONSTRAINT "UHA_GENERAL_BEDROOM_APART_PK" PRIMARY KEY ("PLACE_NO")
  USING INDEX PCTFREE 10 INITRANS 2 MAXTRANS 255 COMPUTE STATISTICS 
  STORAGE(INITIAL 65536 NEXT 1048576 MINEXTENTS 1 MAXEXTENTS 2147483645
  PCTINCREASE 0 FREELISTS 1 FREELIST GROUPS 1
  BUFFER_POOL DEFAULT FLASH_CACHE DEFAULT CELL_FLASH_CACHE DEFAULT)
  TABLESPACE "SYSTEM"  ENABLE;
--------------------------------------------------------
--  Constraints for Table UHA_GUEST
--------------------------------------------------------

  ALTER TABLE "SYSTEM"."UHA_GUEST" MODIFY ("APPROVAL_ID" NOT NULL ENABLE);
  ALTER TABLE "SYSTEM"."UHA_GUEST" ADD CONSTRAINT "UHA_GUEST_PK" PRIMARY KEY ("APPROVAL_ID")
  USING INDEX PCTFREE 10 INITRANS 2 MAXTRANS 255 
  STORAGE(INITIAL 65536 NEXT 1048576 MINEXTENTS 1 MAXEXTENTS 2147483645
  PCTINCREASE 0 FREELISTS 1 FREELIST GROUPS 1
  BUFFER_POOL DEFAULT FLASH_CACHE DEFAULT CELL_FLASH_CACHE DEFAULT)
  TABLESPACE "SYSTEM"  ENABLE;
--------------------------------------------------------
--  Constraints for Table UHA_HOUSING_ADDRESS
--------------------------------------------------------

  ALTER TABLE "SYSTEM"."UHA_HOUSING_ADDRESS" MODIFY ("ADDRESS_ID" NOT NULL ENABLE);
  ALTER TABLE "SYSTEM"."UHA_HOUSING_ADDRESS" MODIFY ("CITY" NOT NULL ENABLE);
  ALTER TABLE "SYSTEM"."UHA_HOUSING_ADDRESS" MODIFY ("POSTCODE" NOT NULL ENABLE);
  ALTER TABLE "SYSTEM"."UHA_HOUSING_ADDRESS" ADD CONSTRAINT "UHA_HOUSING_ADDRESS_PK" PRIMARY KEY ("ADDRESS_ID")
  USING INDEX PCTFREE 10 INITRANS 2 MAXTRANS 255 COMPUTE STATISTICS 
  STORAGE(INITIAL 65536 NEXT 1048576 MINEXTENTS 1 MAXEXTENTS 2147483645
  PCTINCREASE 0 FREELISTS 1 FREELIST GROUPS 1
  BUFFER_POOL DEFAULT FLASH_CACHE DEFAULT CELL_FLASH_CACHE DEFAULT)
  TABLESPACE "SYSTEM"  ENABLE;
--------------------------------------------------------
--  Constraints for Table UHA_HOUSING_NEAR_PARKING
--------------------------------------------------------

  ALTER TABLE "SYSTEM"."UHA_HOUSING_NEAR_PARKING" MODIFY ("LOT_NO" NOT NULL ENABLE);
  ALTER TABLE "SYSTEM"."UHA_HOUSING_NEAR_PARKING" MODIFY ("ADDRESS_ID" NOT NULL ENABLE);
  ALTER TABLE "SYSTEM"."UHA_HOUSING_NEAR_PARKING" ADD CONSTRAINT "UHA_HOUSING_NEAR_PARKING_PK" PRIMARY KEY ("LOT_NO", "ADDRESS_ID")
  USING INDEX PCTFREE 10 INITRANS 2 MAXTRANS 255 
  STORAGE(INITIAL 65536 NEXT 1048576 MINEXTENTS 1 MAXEXTENTS 2147483645
  PCTINCREASE 0 FREELISTS 1 FREELIST GROUPS 1
  BUFFER_POOL DEFAULT FLASH_CACHE DEFAULT CELL_FLASH_CACHE DEFAULT)
  TABLESPACE "SYSTEM"  ENABLE;
--------------------------------------------------------
--  Constraints for Table UHA_HOUSING_RESIDENCE_HALL
--------------------------------------------------------

  ALTER TABLE "SYSTEM"."UHA_HOUSING_RESIDENCE_HALL" MODIFY ("NAME" NOT NULL ENABLE);
  ALTER TABLE "SYSTEM"."UHA_HOUSING_RESIDENCE_HALL" MODIFY ("ADDRESS_ID" NOT NULL ENABLE);
  ALTER TABLE "SYSTEM"."UHA_HOUSING_RESIDENCE_HALL" ADD CONSTRAINT "UHA_HOUSING_RESIDENCE_HAL_PK" PRIMARY KEY ("NAME")
  USING INDEX PCTFREE 10 INITRANS 2 MAXTRANS 255 COMPUTE STATISTICS 
  STORAGE(INITIAL 65536 NEXT 1048576 MINEXTENTS 1 MAXEXTENTS 2147483645
  PCTINCREASE 0 FREELISTS 1 FREELIST GROUPS 1
  BUFFER_POOL DEFAULT FLASH_CACHE DEFAULT CELL_FLASH_CACHE DEFAULT)
  TABLESPACE "SYSTEM"  ENABLE;
  ALTER TABLE "SYSTEM"."UHA_HOUSING_RESIDENCE_HALL" ADD CONSTRAINT "UHA_RESHALL_GRADUATES_CHK" CHECK ("GRAD_UPPER_ONLY"='Y' OR "GRAD_UPPER_ONLY"='N') ENABLE;
  ALTER TABLE "SYSTEM"."UHA_HOUSING_RESIDENCE_HALL" MODIFY ("NO_OF_ROOMS" NOT NULL ENABLE);
--------------------------------------------------------
--  Constraints for Table UHA_INVOICE
--------------------------------------------------------

  ALTER TABLE "SYSTEM"."UHA_INVOICE" ADD CONSTRAINT "UHA_INVOICE_LATE_CHK" CHECK (LATE IN ('Y', 'N')) ENABLE;
  ALTER TABLE "SYSTEM"."UHA_INVOICE" MODIFY ("LATE" NOT NULL ENABLE);
  ALTER TABLE "SYSTEM"."UHA_INVOICE" MODIFY ("INVOICE_NO" NOT NULL ENABLE);
  ALTER TABLE "SYSTEM"."UHA_INVOICE" MODIFY ("LEASE_NO" NOT NULL ENABLE);
  ALTER TABLE "SYSTEM"."UHA_INVOICE" MODIFY ("TYPE" NOT NULL ENABLE);
  ALTER TABLE "SYSTEM"."UHA_INVOICE" MODIFY ("STATUS" NOT NULL ENABLE);
  ALTER TABLE "SYSTEM"."UHA_INVOICE" ADD CONSTRAINT "UHA_INVOICE_PK" PRIMARY KEY ("INVOICE_NO")
  USING INDEX PCTFREE 10 INITRANS 2 MAXTRANS 255 COMPUTE STATISTICS 
  STORAGE(INITIAL 65536 NEXT 1048576 MINEXTENTS 1 MAXEXTENTS 2147483645
  PCTINCREASE 0 FREELISTS 1 FREELIST GROUPS 1
  BUFFER_POOL DEFAULT FLASH_CACHE DEFAULT CELL_FLASH_CACHE DEFAULT)
  TABLESPACE "SYSTEM"  ENABLE;
  ALTER TABLE "SYSTEM"."UHA_INVOICE" ADD CONSTRAINT "UHA_INVOICE_STATUS_CHK" CHECK (STATUS IN ('BILLED', 'PAID', 'FUTURE')) ENABLE;
  ALTER TABLE "SYSTEM"."UHA_INVOICE" ADD CONSTRAINT "UHA_INVOICE_TYPE_CHK" CHECK (TYPE IN ('MONTHLY', 'SEMESTERLY', 'FINAL')) ENABLE;
  ALTER TABLE "SYSTEM"."UHA_INVOICE" MODIFY ("APPLICANT_NO" NOT NULL ENABLE);
  ALTER TABLE "SYSTEM"."UHA_INVOICE" ADD CONSTRAINT "UHA_INVOICE_UK" UNIQUE ("LEASE_NO", "DATE_BILLED")
  USING INDEX PCTFREE 10 INITRANS 2 MAXTRANS 255 COMPUTE STATISTICS 
  STORAGE(INITIAL 65536 NEXT 1048576 MINEXTENTS 1 MAXEXTENTS 2147483645
  PCTINCREASE 0 FREELISTS 1 FREELIST GROUPS 1
  BUFFER_POOL DEFAULT FLASH_CACHE DEFAULT CELL_FLASH_CACHE DEFAULT)
  TABLESPACE "SYSTEM"  ENABLE;
--------------------------------------------------------
--  Constraints for Table UHA_LEASE
--------------------------------------------------------

  ALTER TABLE "SYSTEM"."UHA_LEASE" MODIFY ("DURATION" NOT NULL ENABLE);
  ALTER TABLE "SYSTEM"."UHA_LEASE" MODIFY ("APPLICANT_NO" NOT NULL ENABLE);
  ALTER TABLE "SYSTEM"."UHA_LEASE" MODIFY ("LEASE_NO" NOT NULL ENABLE);
  ALTER TABLE "SYSTEM"."UHA_LEASE" ADD CONSTRAINT "UHA_LEASE_PK" PRIMARY KEY ("LEASE_NO")
  USING INDEX PCTFREE 10 INITRANS 2 MAXTRANS 255 COMPUTE STATISTICS 
  STORAGE(INITIAL 65536 NEXT 1048576 MINEXTENTS 1 MAXEXTENTS 2147483645
  PCTINCREASE 0 FREELISTS 1 FREELIST GROUPS 1
  BUFFER_POOL DEFAULT FLASH_CACHE DEFAULT CELL_FLASH_CACHE DEFAULT)
  TABLESPACE "SYSTEM"  ENABLE;
  ALTER TABLE "SYSTEM"."UHA_LEASE" MODIFY ("PAYMENT_SCHEDULE_OPTION" NOT NULL ENABLE);
  ALTER TABLE "SYSTEM"."UHA_LEASE" ADD CONSTRAINT "UHA_LEASE_APT_TYPE_CHK" CHECK (APARTMENT_TYPE IN ('RH', 'GA', 'FA')) ENABLE;
  ALTER TABLE "SYSTEM"."UHA_LEASE" MODIFY ("ENTER_DATE" NOT NULL ENABLE);
  ALTER TABLE "SYSTEM"."UHA_LEASE" ADD CONSTRAINT "UHA_LEASE_PAYMENT_SCH_CHK" CHECK (PAYMENT_SCHEDULE_OPTION IN ('MONTHLY', 'SEMESTERLY')) ENABLE;
  ALTER TABLE "SYSTEM"."UHA_LEASE" ADD CONSTRAINT "UHA_LEASE_STATUS_CHK" CHECK (REQUEST_STATUS IN ('PENDING', 'APPROVED', 'WAITING', 'INPROGRESS', 'COMPLETE', 'CANCELED', 'DENIED')) ENABLE;
  ALTER TABLE "SYSTEM"."UHA_LEASE" MODIFY ("REQUEST_STATUS" NOT NULL ENABLE);
  ALTER TABLE "SYSTEM"."UHA_LEASE" ADD CONSTRAINT "UHA_LEASE_DATE_CHK" CHECK (ENTER_DATE < LEAVE_DATE) ENABLE;
  ALTER TABLE "SYSTEM"."UHA_LEASE" ADD CONSTRAINT "UHA_LEASE_SINGLE_REQ_UK" UNIQUE ("APPLICANT_NO", "ENTER_DATE")
  USING INDEX PCTFREE 10 INITRANS 2 MAXTRANS 255 COMPUTE STATISTICS 
  STORAGE(INITIAL 65536 NEXT 1048576 MINEXTENTS 1 MAXEXTENTS 2147483645
  PCTINCREASE 0 FREELISTS 1 FREELIST GROUPS 1
  BUFFER_POOL DEFAULT FLASH_CACHE DEFAULT CELL_FLASH_CACHE DEFAULT)
  TABLESPACE "SYSTEM"  ENABLE;
--------------------------------------------------------
--  Constraints for Table UHA_LEASE_REQUEST
--------------------------------------------------------

  ALTER TABLE "SYSTEM"."UHA_LEASE_REQUEST" ADD CONSTRAINT "UHA_LEASE_REQUEST_APT_CHK" CHECK (APARTMENT_TYPE IN ('RH', 'GA', 'FA')) ENABLE;
  ALTER TABLE "SYSTEM"."UHA_LEASE_REQUEST" MODIFY ("LEASE_NO" NOT NULL ENABLE);
  ALTER TABLE "SYSTEM"."UHA_LEASE_REQUEST" MODIFY ("PREFERENCE" NOT NULL ENABLE);
  ALTER TABLE "SYSTEM"."UHA_LEASE_REQUEST" MODIFY ("APARTMENT_TYPE" NOT NULL ENABLE);
  ALTER TABLE "SYSTEM"."UHA_LEASE_REQUEST" ADD CONSTRAINT "LEASE_REQUEST_PK" PRIMARY KEY ("LEASE_NO", "PREFERENCE")
  USING INDEX PCTFREE 10 INITRANS 2 MAXTRANS 255 COMPUTE STATISTICS 
  STORAGE(INITIAL 65536 NEXT 1048576 MINEXTENTS 1 MAXEXTENTS 2147483645
  PCTINCREASE 0 FREELISTS 1 FREELIST GROUPS 1
  BUFFER_POOL DEFAULT FLASH_CACHE DEFAULT CELL_FLASH_CACHE DEFAULT)
  TABLESPACE "SYSTEM"  ENABLE;
  ALTER TABLE "SYSTEM"."UHA_LEASE_REQUEST" MODIFY ("APPLICANT_NO" NOT NULL ENABLE);
  ALTER TABLE "SYSTEM"."UHA_LEASE_REQUEST" ADD CONSTRAINT "UHA_LEASE_REQUEST_DUPLICATE_UK" UNIQUE ("LEASE_NO", "APARTMENT_NO", "RESHALL_NAME")
  USING INDEX PCTFREE 10 INITRANS 2 MAXTRANS 255 COMPUTE STATISTICS 
  STORAGE(INITIAL 65536 NEXT 1048576 MINEXTENTS 1 MAXEXTENTS 2147483645
  PCTINCREASE 0 FREELISTS 1 FREELIST GROUPS 1
  BUFFER_POOL DEFAULT FLASH_CACHE DEFAULT CELL_FLASH_CACHE DEFAULT)
  TABLESPACE "SYSTEM"  ENABLE;
--------------------------------------------------------
--  Constraints for Table UHA_LEASE_TERMINATION
--------------------------------------------------------

  ALTER TABLE "SYSTEM"."UHA_LEASE_TERMINATION" ADD CONSTRAINT "UHA_LEASE_TERMINATE_STATUS_CHK" CHECK (REQUEST_STATUS IN ('PENDING', 'APPROVED', 'COMPLETED', 'CANCELED')) ENABLE;
  ALTER TABLE "SYSTEM"."UHA_LEASE_TERMINATION" MODIFY ("TERMINATION_REQUEST_NO" NOT NULL ENABLE);
  ALTER TABLE "SYSTEM"."UHA_LEASE_TERMINATION" MODIFY ("LEASE_NO" NOT NULL ENABLE);
  ALTER TABLE "SYSTEM"."UHA_LEASE_TERMINATION" MODIFY ("REQUEST_STATUS" NOT NULL ENABLE);
  ALTER TABLE "SYSTEM"."UHA_LEASE_TERMINATION" MODIFY ("TERMINATION_DATE" NOT NULL ENABLE);
  ALTER TABLE "SYSTEM"."UHA_LEASE_TERMINATION" MODIFY ("FEES_LEVIED_ON_INSPECTION" NOT NULL ENABLE);
  ALTER TABLE "SYSTEM"."UHA_LEASE_TERMINATION" ADD CONSTRAINT "UHA_LEASE_TERMINATION_PK" PRIMARY KEY ("TERMINATION_REQUEST_NO")
  USING INDEX PCTFREE 10 INITRANS 2 MAXTRANS 255 COMPUTE STATISTICS 
  STORAGE(INITIAL 65536 NEXT 1048576 MINEXTENTS 1 MAXEXTENTS 2147483645
  PCTINCREASE 0 FREELISTS 1 FREELIST GROUPS 1
  BUFFER_POOL DEFAULT FLASH_CACHE DEFAULT CELL_FLASH_CACHE DEFAULT)
  TABLESPACE "SYSTEM"  ENABLE;
--------------------------------------------------------
--  Constraints for Table UHA_PARKING_LOT
--------------------------------------------------------

  ALTER TABLE "SYSTEM"."UHA_PARKING_LOT" MODIFY ("LOT_NO" NOT NULL ENABLE);
  ALTER TABLE "SYSTEM"."UHA_PARKING_LOT" MODIFY ("NO_OF_SPOTS" NOT NULL ENABLE);
  ALTER TABLE "SYSTEM"."UHA_PARKING_LOT" ADD CONSTRAINT "UHA_PARKING_LOT_PK" PRIMARY KEY ("LOT_NO")
  USING INDEX PCTFREE 10 INITRANS 2 MAXTRANS 255 COMPUTE STATISTICS 
  STORAGE(INITIAL 65536 NEXT 1048576 MINEXTENTS 1 MAXEXTENTS 2147483645
  PCTINCREASE 0 FREELISTS 1 FREELIST GROUPS 1
  BUFFER_POOL DEFAULT FLASH_CACHE DEFAULT CELL_FLASH_CACHE DEFAULT)
  TABLESPACE "SYSTEM"  ENABLE;
--------------------------------------------------------
--  Constraints for Table UHA_PARKING_REQUEST
--------------------------------------------------------

  ALTER TABLE "SYSTEM"."UHA_PARKING_REQUEST" ADD CONSTRAINT "UHA_PARKING_REQUEST_STATUS_CHK" CHECK (REQUEST_STATUS IN ('PENDING', 'APPROVED', 'DENIED', 'INPROGRESS', 'COMPLETE')) ENABLE;
  ALTER TABLE "SYSTEM"."UHA_PARKING_REQUEST" MODIFY ("PARKING_REQUEST_NO" NOT NULL ENABLE);
  ALTER TABLE "SYSTEM"."UHA_PARKING_REQUEST" MODIFY ("LEASE_NO" NOT NULL ENABLE);
  ALTER TABLE "SYSTEM"."UHA_PARKING_REQUEST" ADD CONSTRAINT "UHA_PARKING_REQUEST_PERMIT_UK" UNIQUE ("PERMIT_ID")
  USING INDEX PCTFREE 10 INITRANS 2 MAXTRANS 255 COMPUTE STATISTICS 
  STORAGE(INITIAL 65536 NEXT 1048576 MINEXTENTS 1 MAXEXTENTS 2147483645
  PCTINCREASE 0 FREELISTS 1 FREELIST GROUPS 1
  BUFFER_POOL DEFAULT FLASH_CACHE DEFAULT CELL_FLASH_CACHE DEFAULT)
  TABLESPACE "SYSTEM"  ENABLE;
  ALTER TABLE "SYSTEM"."UHA_PARKING_REQUEST" MODIFY ("APPLICANT_NO" NOT NULL ENABLE);
  ALTER TABLE "SYSTEM"."UHA_PARKING_REQUEST" MODIFY ("REQUEST_STATUS" NOT NULL ENABLE);
  ALTER TABLE "SYSTEM"."UHA_PARKING_REQUEST" MODIFY ("NOT_NEAR_HOUSING_AREA_ACCEPTED" NOT NULL ENABLE);
  ALTER TABLE "SYSTEM"."UHA_PARKING_REQUEST" ADD CONSTRAINT "UHA_PARKING_REQUEST_PK" PRIMARY KEY ("PARKING_REQUEST_NO")
  USING INDEX PCTFREE 10 INITRANS 2 MAXTRANS 255 COMPUTE STATISTICS 
  STORAGE(INITIAL 65536 NEXT 1048576 MINEXTENTS 1 MAXEXTENTS 2147483645
  PCTINCREASE 0 FREELISTS 1 FREELIST GROUPS 1
  BUFFER_POOL DEFAULT FLASH_CACHE DEFAULT CELL_FLASH_CACHE DEFAULT)
  TABLESPACE "SYSTEM"  ENABLE;
  ALTER TABLE "SYSTEM"."UHA_PARKING_REQUEST" MODIFY ("HANDICAPPED" NOT NULL ENABLE);
  ALTER TABLE "SYSTEM"."UHA_PARKING_REQUEST" ADD CONSTRAINT "UHA_OTHER_CLASSF_ALLOW_CHK" CHECK (OTHER_CLASSIFICATION_ACCEPTED IN ('Y', 'N')) ENABLE;
  ALTER TABLE "SYSTEM"."UHA_PARKING_REQUEST" ADD CONSTRAINT "UHA_PARK_NOTNEAR_HOUSING_CHK" CHECK (NOT_NEAR_HOUSING_AREA_ACCEPTED IN ('Y', 'N')) ENABLE;
  ALTER TABLE "SYSTEM"."UHA_PARKING_REQUEST" ADD CONSTRAINT "UHA_PARKING_CLASSFC_REQ_CHK" CHECK (VEHICLE_TYPE = 'SMALL CAR' OR VEHICLE_TYPE = 'LARGE CAR' OR VEHICLE_TYPE = 'BIKE') ENABLE;
  ALTER TABLE "SYSTEM"."UHA_PARKING_REQUEST" ADD CONSTRAINT "UHA_PARKING_HANDICAPPED_CHK" CHECK (HANDICAPPED IN ('Y', 'N')) ENABLE;
--------------------------------------------------------
--  Constraints for Table UHA_PARKING_SPOT
--------------------------------------------------------

  ALTER TABLE "SYSTEM"."UHA_PARKING_SPOT" ADD CONSTRAINT "UHA_PARKING_SPOT_CLASSF_CHK" CHECK (CLASSIFICATION IN ('SMALL CAR', 'LARGE CAR', 'BIKE')) ENABLE;
  ALTER TABLE "SYSTEM"."UHA_PARKING_SPOT" MODIFY ("SPOT_NO" NOT NULL ENABLE);
  ALTER TABLE "SYSTEM"."UHA_PARKING_SPOT" MODIFY ("LOT_NO" NOT NULL ENABLE);
  ALTER TABLE "SYSTEM"."UHA_PARKING_SPOT" MODIFY ("CLASSIFICATION" NOT NULL ENABLE);
  ALTER TABLE "SYSTEM"."UHA_PARKING_SPOT" ADD CONSTRAINT "UHA_PARKING_SPOT_PK" PRIMARY KEY ("SPOT_NO")
  USING INDEX PCTFREE 10 INITRANS 2 MAXTRANS 255 COMPUTE STATISTICS 
  STORAGE(INITIAL 65536 NEXT 1048576 MINEXTENTS 1 MAXEXTENTS 2147483645
  PCTINCREASE 0 FREELISTS 1 FREELIST GROUPS 1
  BUFFER_POOL DEFAULT FLASH_CACHE DEFAULT CELL_FLASH_CACHE DEFAULT)
  TABLESPACE "SYSTEM"  ENABLE;
  ALTER TABLE "SYSTEM"."UHA_PARKING_SPOT" MODIFY ("HANDICAPPED" NOT NULL ENABLE);
  ALTER TABLE "SYSTEM"."UHA_PARKING_SPOT" ADD CONSTRAINT "UHA_PARK_SPOT_HANDICAPPED_CHK" CHECK (HANDICAPPED IN ('Y', 'N')) ENABLE;
--------------------------------------------------------
--  Constraints for Table UHA_RESIDENCE_HALL_ROOM
--------------------------------------------------------

  ALTER TABLE "SYSTEM"."UHA_RESIDENCE_HALL_ROOM" MODIFY ("RESIDENCE_HALL_NAME" NOT NULL ENABLE);
  ALTER TABLE "SYSTEM"."UHA_RESIDENCE_HALL_ROOM" MODIFY ("ROOM_NO" NOT NULL ENABLE);
  ALTER TABLE "SYSTEM"."UHA_RESIDENCE_HALL_ROOM" MODIFY ("MONTHLY_RENT_RATE" NOT NULL ENABLE);
  ALTER TABLE "SYSTEM"."UHA_RESIDENCE_HALL_ROOM" MODIFY ("PLACE_NO" NOT NULL ENABLE);
  ALTER TABLE "SYSTEM"."UHA_RESIDENCE_HALL_ROOM" ADD CONSTRAINT "UHA_RESIDENCE_HALL_ROOM_PK" PRIMARY KEY ("PLACE_NO")
  USING INDEX PCTFREE 10 INITRANS 2 MAXTRANS 255 COMPUTE STATISTICS 
  STORAGE(INITIAL 65536 NEXT 1048576 MINEXTENTS 1 MAXEXTENTS 2147483645
  PCTINCREASE 0 FREELISTS 1 FREELIST GROUPS 1
  BUFFER_POOL DEFAULT FLASH_CACHE DEFAULT CELL_FLASH_CACHE DEFAULT)
  TABLESPACE "SYSTEM"  ENABLE;
--------------------------------------------------------
--  Constraints for Table UHA_STUDENT
--------------------------------------------------------

  ALTER TABLE "SYSTEM"."UHA_STUDENT" MODIFY ("STUDENT_ID" NOT NULL ENABLE);
  ALTER TABLE "SYSTEM"."UHA_STUDENT" ADD CONSTRAINT "UHA_STUDENT_PK" PRIMARY KEY ("STUDENT_ID")
  USING INDEX PCTFREE 10 INITRANS 2 MAXTRANS 255 COMPUTE STATISTICS 
  STORAGE(INITIAL 65536 NEXT 1048576 MINEXTENTS 1 MAXEXTENTS 2147483645
  PCTINCREASE 0 FREELISTS 1 FREELIST GROUPS 1
  BUFFER_POOL DEFAULT FLASH_CACHE DEFAULT CELL_FLASH_CACHE DEFAULT)
  TABLESPACE "SYSTEM"  ENABLE;
  ALTER TABLE "SYSTEM"."UHA_STUDENT" ADD CONSTRAINT "UHA_STUDENT_CHK" CHECK (STATUS IN ('PLACED', 'WAITING')) ENABLE;
  ALTER TABLE "SYSTEM"."UHA_STUDENT" MODIFY ("STATUS" NOT NULL ENABLE);
  ALTER TABLE "SYSTEM"."UHA_STUDENT" ADD CONSTRAINT "UHA_STUDENT_DEGREE_CHK" CHECK (CATEGORY_DEGREE IN ('UG', 'GD', 'PG')) ENABLE;
--------------------------------------------------------
--  Constraints for Table UHA_TICKET
--------------------------------------------------------

  ALTER TABLE "SYSTEM"."UHA_TICKET" MODIFY ("TICKET_NO" NOT NULL ENABLE);
  ALTER TABLE "SYSTEM"."UHA_TICKET" MODIFY ("TICKET_TYPE" NOT NULL ENABLE);
  ALTER TABLE "SYSTEM"."UHA_TICKET" ADD CONSTRAINT "UHA_TICKET_SEVERITY_ID_CHK" CHECK (SEVERITY_ID IN ('1', '2', '3')) ENABLE;
  ALTER TABLE "SYSTEM"."UHA_TICKET" MODIFY ("RAISED_BY" NOT NULL ENABLE);
  ALTER TABLE "SYSTEM"."UHA_TICKET" MODIFY ("RAISED_DATE" NOT NULL ENABLE);
  ALTER TABLE "SYSTEM"."UHA_TICKET" MODIFY ("STATUS" NOT NULL ENABLE);
  ALTER TABLE "SYSTEM"."UHA_TICKET" ADD CONSTRAINT "UHA_TICKET_PK" PRIMARY KEY ("TICKET_NO")
  USING INDEX PCTFREE 10 INITRANS 2 MAXTRANS 255 COMPUTE STATISTICS 
  STORAGE(INITIAL 65536 NEXT 1048576 MINEXTENTS 1 MAXEXTENTS 2147483645
  PCTINCREASE 0 FREELISTS 1 FREELIST GROUPS 1
  BUFFER_POOL DEFAULT FLASH_CACHE DEFAULT CELL_FLASH_CACHE DEFAULT)
  TABLESPACE "SYSTEM"  ENABLE;
  ALTER TABLE "SYSTEM"."UHA_TICKET" ADD CONSTRAINT "UHA_TICKET_SEVERITY_CHK" CHECK (SEVERITY IN ('LOW', 'MEDIUM', 'HIGH')) ENABLE;
  ALTER TABLE "SYSTEM"."UHA_TICKET" ADD CONSTRAINT "UHA_TICKET_STATUS_CHK" CHECK (STATUS IN ('PENDING', 'PROCESSED', 'COMPLETED')) ENABLE;
  ALTER TABLE "SYSTEM"."UHA_TICKET" ADD CONSTRAINT "UHA_TICKET_TYPE_CHK" CHECK (TICKET_TYPE IN ('WATER', 'ELECTRICITY', 'APPLIANCES', 'INTERNET', 'CLEANING', 'MISCELLANEOUS')) ENABLE;
  ALTER TABLE "SYSTEM"."UHA_TICKET" MODIFY ("TICKET_DESCRIPTION" NOT NULL ENABLE);
--------------------------------------------------------
--  Constraints for Table UHA_USERS
--------------------------------------------------------

  ALTER TABLE "SYSTEM"."UHA_USERS" MODIFY ("USER_ID" NOT NULL ENABLE);
  ALTER TABLE "SYSTEM"."UHA_USERS" MODIFY ("USER_TYPE" NOT NULL ENABLE);
  ALTER TABLE "SYSTEM"."UHA_USERS" MODIFY ("PASSWORD" NOT NULL ENABLE);
  ALTER TABLE "SYSTEM"."UHA_USERS" ADD CONSTRAINT "UHA_USERS_PK" PRIMARY KEY ("USER_ID")
  USING INDEX PCTFREE 10 INITRANS 2 MAXTRANS 255 COMPUTE STATISTICS 
  STORAGE(INITIAL 65536 NEXT 1048576 MINEXTENTS 1 MAXEXTENTS 2147483645
  PCTINCREASE 0 FREELISTS 1 FREELIST GROUPS 1
  BUFFER_POOL DEFAULT FLASH_CACHE DEFAULT CELL_FLASH_CACHE DEFAULT)
  TABLESPACE "SYSTEM"  ENABLE;
  ALTER TABLE "SYSTEM"."UHA_USERS" ADD CONSTRAINT "UHA_USERS_UK" UNIQUE ("APPLICANT_ID", "STAFF_NO")
  USING INDEX PCTFREE 10 INITRANS 2 MAXTRANS 255 COMPUTE STATISTICS 
  STORAGE(INITIAL 65536 NEXT 1048576 MINEXTENTS 1 MAXEXTENTS 2147483645
  PCTINCREASE 0 FREELISTS 1 FREELIST GROUPS 1
  BUFFER_POOL DEFAULT FLASH_CACHE DEFAULT CELL_FLASH_CACHE DEFAULT)
  TABLESPACE "SYSTEM"  ENABLE;
  ALTER TABLE "SYSTEM"."UHA_USERS" ADD CONSTRAINT "UHA_USERS_TYPE_CHK" CHECK (USER_TYPE IN ('STUDENT', 'SUPERVISOR', 'GUEST')) ENABLE;
